PolicyElement,2025,2026,2027,2028,2029,2030,2031,2032,2033,2034,2035,2036,2037,2038,2039,2040,2041,2042,2043,2044,2045,2046,2047,2048,2049,2050,2051,2052,2053,2054,2055,2056,2057,2058,2059,2060,2061,2062,2063,2064,2065,2066,2067,2068,2069,2070,2071,2072,2073,2074,2075,2076,2077,2078,2079,2080,2081,2082,2083,2084,2085,2086,2087,2088,2089,2090,2091,2092,2093,2094,2095,2096,2097,2098,2099,2100
elec clean electricity standards X,0.0,0.0,0.0,0.0,0.0,0.509,0.553,0.597,0.641,0.685,0.73,0.774,0.8180000000000001,0.862,0.9059999999999999,0.95,0.95,0.95,0.95,0.95,0.95,0.95,0.95,0.95,0.95,0.95,0.95,0.95,0.95,0.95,0.95,0.95,0.95,0.95,0.95,0.95,0.95,0.95,0.95,0.95,0.95,0.95,0.95,0.95,0.95,0.95,0.95,0.95,0.95,0.95,0.95,0.95,0.95,0.95,0.95,0.95,0.95,0.95,0.95,0.95,0.95,0.95,0.95,0.95,0.95,0.95,0.95,0.95,0.95,0.95,0.95,0.95,0.95,0.95,0.95,0.95
elec renewable portfolio standards X,0.0,0.18,0.214,0.248,0.282,0.317,0.351,0.385,0.419,0.453,0.487,0.522,0.556,0.5900000000000001,0.624,0.658,0.6922,0.7264,0.7605999999999999,0.7948,0.829,0.8632,0.8974,0.9316,0.9658,1.0,1.0,1.0,1.0,1.0,1.0,1.0,1.0,1.0,1.0,1.0,1.0,1.0,1.0,1.0,1.0,1.0,1.0,1.0,1.0,1.0,1.0,1.0,1.0,1.0,1.0,1.0,1.0,1.0,1.0,1.0,1.0,1.0,1.0,1.0,1.0,1.0,1.0,1.0,1.0,1.0,1.0,1.0,1.0,1.0,1.0,1.0,1.0,1.0,1.0,1.0
cross fuel tax X electricity X transportation sector,0.0,0.0,0.042,0.083,0.125,0.167,0.208,0.25,0.292,0.333,0.375,0.417,0.45849999999999996,0.5,0.5415,0.583,0.6248,0.6666,0.7084,0.7502,0.792,0.8336,0.8752,0.9168000000000001,0.9584,1.0,1.0,1.0,1.0,1.0,1.0,1.0,1.0,1.0,1.0,1.0,1.0,1.0,1.0,1.0,1.0,1.0,1.0,1.0,1.0,1.0,1.0,1.0,1.0,1.0,1.0,1.0,1.0,1.0,1.0,1.0,1.0,1.0,1.0,1.0,1.0,1.0,1.0,1.0,1.0,1.0,1.0,1.0,1.0,1.0,1.0,1.0,1.0,1.0,1.0,1.0
cross fuel tax X electricity X electricity sector,0.0,0.0,0.042,0.083,0.125,0.167,0.208,0.25,0.292,0.333,0.375,0.417,0.45849999999999996,0.5,0.5415,0.583,0.6248,0.6666,0.7084,0.7502,0.792,0.8336,0.8752,0.9168000000000001,0.9584,1.0,1.0,1.0,1.0,1.0,1.0,1.0,1.0,1.0,1.0,1.0,1.0,1.0,1.0,1.0,1.0,1.0,1.0,1.0,1.0,1.0,1.0,1.0,1.0,1.0,1.0,1.0,1.0,1.0,1.0,1.0,1.0,1.0,1.0,1.0,1.0,1.0,1.0,1.0,1.0,1.0,1.0,1.0,1.0,1.0,1.0,1.0,1.0,1.0,1.0,1.0
cross fuel tax X electricity X residential buildings sector,0.0,0.0,0.042,0.083,0.125,0.167,0.208,0.25,0.292,0.333,0.375,0.417,0.45849999999999996,0.5,0.5415,0.583,0.6248,0.6666,0.7084,0.7502,0.792,0.8336,0.8752,0.9168000000000001,0.9584,1.0,1.0,1.0,1.0,1.0,1.0,1.0,1.0,1.0,1.0,1.0,1.0,1.0,1.0,1.0,1.0,1.0,1.0,1.0,1.0,1.0,1.0,1.0,1.0,1.0,1.0,1.0,1.0,1.0,1.0,1.0,1.0,1.0,1.0,1.0,1.0,1.0,1.0,1.0,1.0,1.0,1.0,1.0,1.0,1.0,1.0,1.0,1.0,1.0,1.0,1.0
cross fuel tax X electricity X commercial buildings sector,0.0,0.0,0.042,0.083,0.125,0.167,0.208,0.25,0.292,0.333,0.375,0.417,0.45849999999999996,0.5,0.5415,0.583,0.6248,0.6666,0.7084,0.7502,0.792,0.8336,0.8752,0.9168000000000001,0.9584,1.0,1.0,1.0,1.0,1.0,1.0,1.0,1.0,1.0,1.0,1.0,1.0,1.0,1.0,1.0,1.0,1.0,1.0,1.0,1.0,1.0,1.0,1.0,1.0,1.0,1.0,1.0,1.0,1.0,1.0,1.0,1.0,1.0,1.0,1.0,1.0,1.0,1.0,1.0,1.0,1.0,1.0,1.0,1.0,1.0,1.0,1.0,1.0,1.0,1.0,1.0
cross fuel tax X electricity X industry sector,0.0,0.0,0.042,0.083,0.125,0.167,0.208,0.25,0.292,0.333,0.375,0.417,0.45849999999999996,0.5,0.5415,0.583,0.6248,0.6666,0.7084,0.7502,0.792,0.8336,0.8752,0.9168000000000001,0.9584,1.0,1.0,1.0,1.0,1.0,1.0,1.0,1.0,1.0,1.0,1.0,1.0,1.0,1.0,1.0,1.0,1.0,1.0,1.0,1.0,1.0,1.0,1.0,1.0,1.0,1.0,1.0,1.0,1.0,1.0,1.0,1.0,1.0,1.0,1.0,1.0,1.0,1.0,1.0,1.0,1.0,1.0,1.0,1.0,1.0,1.0,1.0,1.0,1.0,1.0,1.0
cross fuel tax X electricity X district heat and hydrogen sector,0.0,0.0,0.042,0.083,0.125,0.167,0.208,0.25,0.292,0.333,0.375,0.417,0.45849999999999996,0.5,0.5415,0.583,0.6248,0.6666,0.7084,0.7502,0.792,0.8336,0.8752,0.9168000000000001,0.9584,1.0,1.0,1.0,1.0,1.0,1.0,1.0,1.0,1.0,1.0,1.0,1.0,1.0,1.0,1.0,1.0,1.0,1.0,1.0,1.0,1.0,1.0,1.0,1.0,1.0,1.0,1.0,1.0,1.0,1.0,1.0,1.0,1.0,1.0,1.0,1.0,1.0,1.0,1.0,1.0,1.0,1.0,1.0,1.0,1.0,1.0,1.0,1.0,1.0,1.0,1.0
cross fuel tax X electricity X LULUCF sector,0.0,0.0,0.042,0.083,0.125,0.167,0.208,0.25,0.292,0.333,0.375,0.417,0.45849999999999996,0.5,0.5415,0.583,0.6248,0.6666,0.7084,0.7502,0.792,0.8336,0.8752,0.9168000000000001,0.9584,1.0,1.0,1.0,1.0,1.0,1.0,1.0,1.0,1.0,1.0,1.0,1.0,1.0,1.0,1.0,1.0,1.0,1.0,1.0,1.0,1.0,1.0,1.0,1.0,1.0,1.0,1.0,1.0,1.0,1.0,1.0,1.0,1.0,1.0,1.0,1.0,1.0,1.0,1.0,1.0,1.0,1.0,1.0,1.0,1.0,1.0,1.0,1.0,1.0,1.0,1.0
cross fuel tax X electricity X geoengineering sector,0.0,0.0,0.042,0.083,0.125,0.167,0.208,0.25,0.292,0.333,0.375,0.417,0.45849999999999996,0.5,0.5415,0.583,0.6248,0.6666,0.7084,0.7502,0.792,0.8336,0.8752,0.9168000000000001,0.9584,1.0,1.0,1.0,1.0,1.0,1.0,1.0,1.0,1.0,1.0,1.0,1.0,1.0,1.0,1.0,1.0,1.0,1.0,1.0,1.0,1.0,1.0,1.0,1.0,1.0,1.0,1.0,1.0,1.0,1.0,1.0,1.0,1.0,1.0,1.0,1.0,1.0,1.0,1.0,1.0,1.0,1.0,1.0,1.0,1.0,1.0,1.0,1.0,1.0,1.0,1.0
cross fuel tax X hard coal X transportation sector,0.0,0.0,0.042,0.083,0.125,0.167,0.208,0.25,0.292,0.333,0.375,0.417,0.45849999999999996,0.5,0.5415,0.583,0.6248,0.6666,0.7084,0.7502,0.792,0.8336,0.8752,0.9168000000000001,0.9584,1.0,1.0,1.0,1.0,1.0,1.0,1.0,1.0,1.0,1.0,1.0,1.0,1.0,1.0,1.0,1.0,1.0,1.0,1.0,1.0,1.0,1.0,1.0,1.0,1.0,1.0,1.0,1.0,1.0,1.0,1.0,1.0,1.0,1.0,1.0,1.0,1.0,1.0,1.0,1.0,1.0,1.0,1.0,1.0,1.0,1.0,1.0,1.0,1.0,1.0,1.0
cross fuel tax X hard coal X electricity sector,0.0,0.0,0.042,0.083,0.125,0.167,0.208,0.25,0.292,0.333,0.375,0.417,0.45849999999999996,0.5,0.5415,0.583,0.6248,0.6666,0.7084,0.7502,0.792,0.8336,0.8752,0.9168000000000001,0.9584,1.0,1.0,1.0,1.0,1.0,1.0,1.0,1.0,1.0,1.0,1.0,1.0,1.0,1.0,1.0,1.0,1.0,1.0,1.0,1.0,1.0,1.0,1.0,1.0,1.0,1.0,1.0,1.0,1.0,1.0,1.0,1.0,1.0,1.0,1.0,1.0,1.0,1.0,1.0,1.0,1.0,1.0,1.0,1.0,1.0,1.0,1.0,1.0,1.0,1.0,1.0
cross fuel tax X hard coal X residential buildings sector,0.0,0.0,0.042,0.083,0.125,0.167,0.208,0.25,0.292,0.333,0.375,0.417,0.45849999999999996,0.5,0.5415,0.583,0.6248,0.6666,0.7084,0.7502,0.792,0.8336,0.8752,0.9168000000000001,0.9584,1.0,1.0,1.0,1.0,1.0,1.0,1.0,1.0,1.0,1.0,1.0,1.0,1.0,1.0,1.0,1.0,1.0,1.0,1.0,1.0,1.0,1.0,1.0,1.0,1.0,1.0,1.0,1.0,1.0,1.0,1.0,1.0,1.0,1.0,1.0,1.0,1.0,1.0,1.0,1.0,1.0,1.0,1.0,1.0,1.0,1.0,1.0,1.0,1.0,1.0,1.0
cross fuel tax X hard coal X commercial buildings sector,0.0,0.0,0.042,0.083,0.125,0.167,0.208,0.25,0.292,0.333,0.375,0.417,0.45849999999999996,0.5,0.5415,0.583,0.6248,0.6666,0.7084,0.7502,0.792,0.8336,0.8752,0.9168000000000001,0.9584,1.0,1.0,1.0,1.0,1.0,1.0,1.0,1.0,1.0,1.0,1.0,1.0,1.0,1.0,1.0,1.0,1.0,1.0,1.0,1.0,1.0,1.0,1.0,1.0,1.0,1.0,1.0,1.0,1.0,1.0,1.0,1.0,1.0,1.0,1.0,1.0,1.0,1.0,1.0,1.0,1.0,1.0,1.0,1.0,1.0,1.0,1.0,1.0,1.0,1.0,1.0
cross fuel tax X hard coal X industry sector,0.0,0.0,0.042,0.083,0.125,0.167,0.208,0.25,0.292,0.333,0.375,0.417,0.45849999999999996,0.5,0.5415,0.583,0.6248,0.6666,0.7084,0.7502,0.792,0.8336,0.8752,0.9168000000000001,0.9584,1.0,1.0,1.0,1.0,1.0,1.0,1.0,1.0,1.0,1.0,1.0,1.0,1.0,1.0,1.0,1.0,1.0,1.0,1.0,1.0,1.0,1.0,1.0,1.0,1.0,1.0,1.0,1.0,1.0,1.0,1.0,1.0,1.0,1.0,1.0,1.0,1.0,1.0,1.0,1.0,1.0,1.0,1.0,1.0,1.0,1.0,1.0,1.0,1.0,1.0,1.0
cross fuel tax X hard coal X district heat and hydrogen sector,0.0,0.0,0.042,0.083,0.125,0.167,0.208,0.25,0.292,0.333,0.375,0.417,0.45849999999999996,0.5,0.5415,0.583,0.6248,0.6666,0.7084,0.7502,0.792,0.8336,0.8752,0.9168000000000001,0.9584,1.0,1.0,1.0,1.0,1.0,1.0,1.0,1.0,1.0,1.0,1.0,1.0,1.0,1.0,1.0,1.0,1.0,1.0,1.0,1.0,1.0,1.0,1.0,1.0,1.0,1.0,1.0,1.0,1.0,1.0,1.0,1.0,1.0,1.0,1.0,1.0,1.0,1.0,1.0,1.0,1.0,1.0,1.0,1.0,1.0,1.0,1.0,1.0,1.0,1.0,1.0
cross fuel tax X hard coal X LULUCF sector,0.0,0.0,0.042,0.083,0.125,0.167,0.208,0.25,0.292,0.333,0.375,0.417,0.45849999999999996,0.5,0.5415,0.583,0.6248,0.6666,0.7084,0.7502,0.792,0.8336,0.8752,0.9168000000000001,0.9584,1.0,1.0,1.0,1.0,1.0,1.0,1.0,1.0,1.0,1.0,1.0,1.0,1.0,1.0,1.0,1.0,1.0,1.0,1.0,1.0,1.0,1.0,1.0,1.0,1.0,1.0,1.0,1.0,1.0,1.0,1.0,1.0,1.0,1.0,1.0,1.0,1.0,1.0,1.0,1.0,1.0,1.0,1.0,1.0,1.0,1.0,1.0,1.0,1.0,1.0,1.0
cross fuel tax X hard coal X geoengineering sector,0.0,0.0,0.042,0.083,0.125,0.167,0.208,0.25,0.292,0.333,0.375,0.417,0.45849999999999996,0.5,0.5415,0.583,0.6248,0.6666,0.7084,0.7502,0.792,0.8336,0.8752,0.9168000000000001,0.9584,1.0,1.0,1.0,1.0,1.0,1.0,1.0,1.0,1.0,1.0,1.0,1.0,1.0,1.0,1.0,1.0,1.0,1.0,1.0,1.0,1.0,1.0,1.0,1.0,1.0,1.0,1.0,1.0,1.0,1.0,1.0,1.0,1.0,1.0,1.0,1.0,1.0,1.0,1.0,1.0,1.0,1.0,1.0,1.0,1.0,1.0,1.0,1.0,1.0,1.0,1.0
cross fuel tax X natural gas X transportation sector,0.0,0.0,0.042,0.083,0.125,0.167,0.208,0.25,0.292,0.333,0.375,0.417,0.45849999999999996,0.5,0.5415,0.583,0.6248,0.6666,0.7084,0.7502,0.792,0.8336,0.8752,0.9168000000000001,0.9584,1.0,1.0,1.0,1.0,1.0,1.0,1.0,1.0,1.0,1.0,1.0,1.0,1.0,1.0,1.0,1.0,1.0,1.0,1.0,1.0,1.0,1.0,1.0,1.0,1.0,1.0,1.0,1.0,1.0,1.0,1.0,1.0,1.0,1.0,1.0,1.0,1.0,1.0,1.0,1.0,1.0,1.0,1.0,1.0,1.0,1.0,1.0,1.0,1.0,1.0,1.0
cross fuel tax X natural gas X electricity sector,0.0,0.0,0.042,0.083,0.125,0.167,0.208,0.25,0.292,0.333,0.375,0.417,0.45849999999999996,0.5,0.5415,0.583,0.6248,0.6666,0.7084,0.7502,0.792,0.8336,0.8752,0.9168000000000001,0.9584,1.0,1.0,1.0,1.0,1.0,1.0,1.0,1.0,1.0,1.0,1.0,1.0,1.0,1.0,1.0,1.0,1.0,1.0,1.0,1.0,1.0,1.0,1.0,1.0,1.0,1.0,1.0,1.0,1.0,1.0,1.0,1.0,1.0,1.0,1.0,1.0,1.0,1.0,1.0,1.0,1.0,1.0,1.0,1.0,1.0,1.0,1.0,1.0,1.0,1.0,1.0
cross fuel tax X natural gas X residential buildings sector,0.0,0.0,0.042,0.083,0.125,0.167,0.208,0.25,0.292,0.333,0.375,0.417,0.45849999999999996,0.5,0.5415,0.583,0.6248,0.6666,0.7084,0.7502,0.792,0.8336,0.8752,0.9168000000000001,0.9584,1.0,1.0,1.0,1.0,1.0,1.0,1.0,1.0,1.0,1.0,1.0,1.0,1.0,1.0,1.0,1.0,1.0,1.0,1.0,1.0,1.0,1.0,1.0,1.0,1.0,1.0,1.0,1.0,1.0,1.0,1.0,1.0,1.0,1.0,1.0,1.0,1.0,1.0,1.0,1.0,1.0,1.0,1.0,1.0,1.0,1.0,1.0,1.0,1.0,1.0,1.0
cross fuel tax X natural gas X commercial buildings sector,0.0,0.0,0.042,0.083,0.125,0.167,0.208,0.25,0.292,0.333,0.375,0.417,0.45849999999999996,0.5,0.5415,0.583,0.6248,0.6666,0.7084,0.7502,0.792,0.8336,0.8752,0.9168000000000001,0.9584,1.0,1.0,1.0,1.0,1.0,1.0,1.0,1.0,1.0,1.0,1.0,1.0,1.0,1.0,1.0,1.0,1.0,1.0,1.0,1.0,1.0,1.0,1.0,1.0,1.0,1.0,1.0,1.0,1.0,1.0,1.0,1.0,1.0,1.0,1.0,1.0,1.0,1.0,1.0,1.0,1.0,1.0,1.0,1.0,1.0,1.0,1.0,1.0,1.0,1.0,1.0
cross fuel tax X natural gas X industry sector,0.0,0.0,0.042,0.083,0.125,0.167,0.208,0.25,0.292,0.333,0.375,0.417,0.45849999999999996,0.5,0.5415,0.583,0.6248,0.6666,0.7084,0.7502,0.792,0.8336,0.8752,0.9168000000000001,0.9584,1.0,1.0,1.0,1.0,1.0,1.0,1.0,1.0,1.0,1.0,1.0,1.0,1.0,1.0,1.0,1.0,1.0,1.0,1.0,1.0,1.0,1.0,1.0,1.0,1.0,1.0,1.0,1.0,1.0,1.0,1.0,1.0,1.0,1.0,1.0,1.0,1.0,1.0,1.0,1.0,1.0,1.0,1.0,1.0,1.0,1.0,1.0,1.0,1.0,1.0,1.0
cross fuel tax X natural gas X district heat and hydrogen sector,0.0,0.0,0.042,0.083,0.125,0.167,0.208,0.25,0.292,0.333,0.375,0.417,0.45849999999999996,0.5,0.5415,0.583,0.6248,0.6666,0.7084,0.7502,0.792,0.8336,0.8752,0.9168000000000001,0.9584,1.0,1.0,1.0,1.0,1.0,1.0,1.0,1.0,1.0,1.0,1.0,1.0,1.0,1.0,1.0,1.0,1.0,1.0,1.0,1.0,1.0,1.0,1.0,1.0,1.0,1.0,1.0,1.0,1.0,1.0,1.0,1.0,1.0,1.0,1.0,1.0,1.0,1.0,1.0,1.0,1.0,1.0,1.0,1.0,1.0,1.0,1.0,1.0,1.0,1.0,1.0
cross fuel tax X natural gas X LULUCF sector,0.0,0.0,0.042,0.083,0.125,0.167,0.208,0.25,0.292,0.333,0.375,0.417,0.45849999999999996,0.5,0.5415,0.583,0.6248,0.6666,0.7084,0.7502,0.792,0.8336,0.8752,0.9168000000000001,0.9584,1.0,1.0,1.0,1.0,1.0,1.0,1.0,1.0,1.0,1.0,1.0,1.0,1.0,1.0,1.0,1.0,1.0,1.0,1.0,1.0,1.0,1.0,1.0,1.0,1.0,1.0,1.0,1.0,1.0,1.0,1.0,1.0,1.0,1.0,1.0,1.0,1.0,1.0,1.0,1.0,1.0,1.0,1.0,1.0,1.0,1.0,1.0,1.0,1.0,1.0,1.0
cross fuel tax X natural gas X geoengineering sector,0.0,0.0,0.042,0.083,0.125,0.167,0.208,0.25,0.292,0.333,0.375,0.417,0.45849999999999996,0.5,0.5415,0.583,0.6248,0.6666,0.7084,0.7502,0.792,0.8336,0.8752,0.9168000000000001,0.9584,1.0,1.0,1.0,1.0,1.0,1.0,1.0,1.0,1.0,1.0,1.0,1.0,1.0,1.0,1.0,1.0,1.0,1.0,1.0,1.0,1.0,1.0,1.0,1.0,1.0,1.0,1.0,1.0,1.0,1.0,1.0,1.0,1.0,1.0,1.0,1.0,1.0,1.0,1.0,1.0,1.0,1.0,1.0,1.0,1.0,1.0,1.0,1.0,1.0,1.0,1.0
cross fuel tax X nuclear X transportation sector,0.0,0.0,0.042,0.083,0.125,0.167,0.208,0.25,0.292,0.333,0.375,0.417,0.45849999999999996,0.5,0.5415,0.583,0.6248,0.6666,0.7084,0.7502,0.792,0.8336,0.8752,0.9168000000000001,0.9584,1.0,1.0,1.0,1.0,1.0,1.0,1.0,1.0,1.0,1.0,1.0,1.0,1.0,1.0,1.0,1.0,1.0,1.0,1.0,1.0,1.0,1.0,1.0,1.0,1.0,1.0,1.0,1.0,1.0,1.0,1.0,1.0,1.0,1.0,1.0,1.0,1.0,1.0,1.0,1.0,1.0,1.0,1.0,1.0,1.0,1.0,1.0,1.0,1.0,1.0,1.0
cross fuel tax X nuclear X electricity sector,0.0,0.0,0.042,0.083,0.125,0.167,0.208,0.25,0.292,0.333,0.375,0.417,0.45849999999999996,0.5,0.5415,0.583,0.6248,0.6666,0.7084,0.7502,0.792,0.8336,0.8752,0.9168000000000001,0.9584,1.0,1.0,1.0,1.0,1.0,1.0,1.0,1.0,1.0,1.0,1.0,1.0,1.0,1.0,1.0,1.0,1.0,1.0,1.0,1.0,1.0,1.0,1.0,1.0,1.0,1.0,1.0,1.0,1.0,1.0,1.0,1.0,1.0,1.0,1.0,1.0,1.0,1.0,1.0,1.0,1.0,1.0,1.0,1.0,1.0,1.0,1.0,1.0,1.0,1.0,1.0
cross fuel tax X nuclear X residential buildings sector,0.0,0.0,0.042,0.083,0.125,0.167,0.208,0.25,0.292,0.333,0.375,0.417,0.45849999999999996,0.5,0.5415,0.583,0.6248,0.6666,0.7084,0.7502,0.792,0.8336,0.8752,0.9168000000000001,0.9584,1.0,1.0,1.0,1.0,1.0,1.0,1.0,1.0,1.0,1.0,1.0,1.0,1.0,1.0,1.0,1.0,1.0,1.0,1.0,1.0,1.0,1.0,1.0,1.0,1.0,1.0,1.0,1.0,1.0,1.0,1.0,1.0,1.0,1.0,1.0,1.0,1.0,1.0,1.0,1.0,1.0,1.0,1.0,1.0,1.0,1.0,1.0,1.0,1.0,1.0,1.0
cross fuel tax X nuclear X commercial buildings sector,0.0,0.0,0.042,0.083,0.125,0.167,0.208,0.25,0.292,0.333,0.375,0.417,0.45849999999999996,0.5,0.5415,0.583,0.6248,0.6666,0.7084,0.7502,0.792,0.8336,0.8752,0.9168000000000001,0.9584,1.0,1.0,1.0,1.0,1.0,1.0,1.0,1.0,1.0,1.0,1.0,1.0,1.0,1.0,1.0,1.0,1.0,1.0,1.0,1.0,1.0,1.0,1.0,1.0,1.0,1.0,1.0,1.0,1.0,1.0,1.0,1.0,1.0,1.0,1.0,1.0,1.0,1.0,1.0,1.0,1.0,1.0,1.0,1.0,1.0,1.0,1.0,1.0,1.0,1.0,1.0
cross fuel tax X nuclear X industry sector,0.0,0.0,0.042,0.083,0.125,0.167,0.208,0.25,0.292,0.333,0.375,0.417,0.45849999999999996,0.5,0.5415,0.583,0.6248,0.6666,0.7084,0.7502,0.792,0.8336,0.8752,0.9168000000000001,0.9584,1.0,1.0,1.0,1.0,1.0,1.0,1.0,1.0,1.0,1.0,1.0,1.0,1.0,1.0,1.0,1.0,1.0,1.0,1.0,1.0,1.0,1.0,1.0,1.0,1.0,1.0,1.0,1.0,1.0,1.0,1.0,1.0,1.0,1.0,1.0,1.0,1.0,1.0,1.0,1.0,1.0,1.0,1.0,1.0,1.0,1.0,1.0,1.0,1.0,1.0,1.0
cross fuel tax X nuclear X district heat and hydrogen sector,0.0,0.0,0.042,0.083,0.125,0.167,0.208,0.25,0.292,0.333,0.375,0.417,0.45849999999999996,0.5,0.5415,0.583,0.6248,0.6666,0.7084,0.7502,0.792,0.8336,0.8752,0.9168000000000001,0.9584,1.0,1.0,1.0,1.0,1.0,1.0,1.0,1.0,1.0,1.0,1.0,1.0,1.0,1.0,1.0,1.0,1.0,1.0,1.0,1.0,1.0,1.0,1.0,1.0,1.0,1.0,1.0,1.0,1.0,1.0,1.0,1.0,1.0,1.0,1.0,1.0,1.0,1.0,1.0,1.0,1.0,1.0,1.0,1.0,1.0,1.0,1.0,1.0,1.0,1.0,1.0
cross fuel tax X nuclear X LULUCF sector,0.0,0.0,0.042,0.083,0.125,0.167,0.208,0.25,0.292,0.333,0.375,0.417,0.45849999999999996,0.5,0.5415,0.583,0.6248,0.6666,0.7084,0.7502,0.792,0.8336,0.8752,0.9168000000000001,0.9584,1.0,1.0,1.0,1.0,1.0,1.0,1.0,1.0,1.0,1.0,1.0,1.0,1.0,1.0,1.0,1.0,1.0,1.0,1.0,1.0,1.0,1.0,1.0,1.0,1.0,1.0,1.0,1.0,1.0,1.0,1.0,1.0,1.0,1.0,1.0,1.0,1.0,1.0,1.0,1.0,1.0,1.0,1.0,1.0,1.0,1.0,1.0,1.0,1.0,1.0,1.0
cross fuel tax X nuclear X geoengineering sector,0.0,0.0,0.042,0.083,0.125,0.167,0.208,0.25,0.292,0.333,0.375,0.417,0.45849999999999996,0.5,0.5415,0.583,0.6248,0.6666,0.7084,0.7502,0.792,0.8336,0.8752,0.9168000000000001,0.9584,1.0,1.0,1.0,1.0,1.0,1.0,1.0,1.0,1.0,1.0,1.0,1.0,1.0,1.0,1.0,1.0,1.0,1.0,1.0,1.0,1.0,1.0,1.0,1.0,1.0,1.0,1.0,1.0,1.0,1.0,1.0,1.0,1.0,1.0,1.0,1.0,1.0,1.0,1.0,1.0,1.0,1.0,1.0,1.0,1.0,1.0,1.0,1.0,1.0,1.0,1.0
cross fuel tax X hydro X transportation sector,0.0,0.0,0.042,0.083,0.125,0.167,0.208,0.25,0.292,0.333,0.375,0.417,0.45849999999999996,0.5,0.5415,0.583,0.6248,0.6666,0.7084,0.7502,0.792,0.8336,0.8752,0.9168000000000001,0.9584,1.0,1.0,1.0,1.0,1.0,1.0,1.0,1.0,1.0,1.0,1.0,1.0,1.0,1.0,1.0,1.0,1.0,1.0,1.0,1.0,1.0,1.0,1.0,1.0,1.0,1.0,1.0,1.0,1.0,1.0,1.0,1.0,1.0,1.0,1.0,1.0,1.0,1.0,1.0,1.0,1.0,1.0,1.0,1.0,1.0,1.0,1.0,1.0,1.0,1.0,1.0
cross fuel tax X hydro X electricity sector,0.0,0.0,0.042,0.083,0.125,0.167,0.208,0.25,0.292,0.333,0.375,0.417,0.45849999999999996,0.5,0.5415,0.583,0.6248,0.6666,0.7084,0.7502,0.792,0.8336,0.8752,0.9168000000000001,0.9584,1.0,1.0,1.0,1.0,1.0,1.0,1.0,1.0,1.0,1.0,1.0,1.0,1.0,1.0,1.0,1.0,1.0,1.0,1.0,1.0,1.0,1.0,1.0,1.0,1.0,1.0,1.0,1.0,1.0,1.0,1.0,1.0,1.0,1.0,1.0,1.0,1.0,1.0,1.0,1.0,1.0,1.0,1.0,1.0,1.0,1.0,1.0,1.0,1.0,1.0,1.0
cross fuel tax X hydro X residential buildings sector,0.0,0.0,0.042,0.083,0.125,0.167,0.208,0.25,0.292,0.333,0.375,0.417,0.45849999999999996,0.5,0.5415,0.583,0.6248,0.6666,0.7084,0.7502,0.792,0.8336,0.8752,0.9168000000000001,0.9584,1.0,1.0,1.0,1.0,1.0,1.0,1.0,1.0,1.0,1.0,1.0,1.0,1.0,1.0,1.0,1.0,1.0,1.0,1.0,1.0,1.0,1.0,1.0,1.0,1.0,1.0,1.0,1.0,1.0,1.0,1.0,1.0,1.0,1.0,1.0,1.0,1.0,1.0,1.0,1.0,1.0,1.0,1.0,1.0,1.0,1.0,1.0,1.0,1.0,1.0,1.0
cross fuel tax X hydro X commercial buildings sector,0.0,0.0,0.042,0.083,0.125,0.167,0.208,0.25,0.292,0.333,0.375,0.417,0.45849999999999996,0.5,0.5415,0.583,0.6248,0.6666,0.7084,0.7502,0.792,0.8336,0.8752,0.9168000000000001,0.9584,1.0,1.0,1.0,1.0,1.0,1.0,1.0,1.0,1.0,1.0,1.0,1.0,1.0,1.0,1.0,1.0,1.0,1.0,1.0,1.0,1.0,1.0,1.0,1.0,1.0,1.0,1.0,1.0,1.0,1.0,1.0,1.0,1.0,1.0,1.0,1.0,1.0,1.0,1.0,1.0,1.0,1.0,1.0,1.0,1.0,1.0,1.0,1.0,1.0,1.0,1.0
cross fuel tax X hydro X industry sector,0.0,0.0,0.042,0.083,0.125,0.167,0.208,0.25,0.292,0.333,0.375,0.417,0.45849999999999996,0.5,0.5415,0.583,0.6248,0.6666,0.7084,0.7502,0.792,0.8336,0.8752,0.9168000000000001,0.9584,1.0,1.0,1.0,1.0,1.0,1.0,1.0,1.0,1.0,1.0,1.0,1.0,1.0,1.0,1.0,1.0,1.0,1.0,1.0,1.0,1.0,1.0,1.0,1.0,1.0,1.0,1.0,1.0,1.0,1.0,1.0,1.0,1.0,1.0,1.0,1.0,1.0,1.0,1.0,1.0,1.0,1.0,1.0,1.0,1.0,1.0,1.0,1.0,1.0,1.0,1.0
cross fuel tax X hydro X district heat and hydrogen sector,0.0,0.0,0.042,0.083,0.125,0.167,0.208,0.25,0.292,0.333,0.375,0.417,0.45849999999999996,0.5,0.5415,0.583,0.6248,0.6666,0.7084,0.7502,0.792,0.8336,0.8752,0.9168000000000001,0.9584,1.0,1.0,1.0,1.0,1.0,1.0,1.0,1.0,1.0,1.0,1.0,1.0,1.0,1.0,1.0,1.0,1.0,1.0,1.0,1.0,1.0,1.0,1.0,1.0,1.0,1.0,1.0,1.0,1.0,1.0,1.0,1.0,1.0,1.0,1.0,1.0,1.0,1.0,1.0,1.0,1.0,1.0,1.0,1.0,1.0,1.0,1.0,1.0,1.0,1.0,1.0
cross fuel tax X hydro X LULUCF sector,0.0,0.0,0.042,0.083,0.125,0.167,0.208,0.25,0.292,0.333,0.375,0.417,0.45849999999999996,0.5,0.5415,0.583,0.6248,0.6666,0.7084,0.7502,0.792,0.8336,0.8752,0.9168000000000001,0.9584,1.0,1.0,1.0,1.0,1.0,1.0,1.0,1.0,1.0,1.0,1.0,1.0,1.0,1.0,1.0,1.0,1.0,1.0,1.0,1.0,1.0,1.0,1.0,1.0,1.0,1.0,1.0,1.0,1.0,1.0,1.0,1.0,1.0,1.0,1.0,1.0,1.0,1.0,1.0,1.0,1.0,1.0,1.0,1.0,1.0,1.0,1.0,1.0,1.0,1.0,1.0
cross fuel tax X hydro X geoengineering sector,0.0,0.0,0.042,0.083,0.125,0.167,0.208,0.25,0.292,0.333,0.375,0.417,0.45849999999999996,0.5,0.5415,0.583,0.6248,0.6666,0.7084,0.7502,0.792,0.8336,0.8752,0.9168000000000001,0.9584,1.0,1.0,1.0,1.0,1.0,1.0,1.0,1.0,1.0,1.0,1.0,1.0,1.0,1.0,1.0,1.0,1.0,1.0,1.0,1.0,1.0,1.0,1.0,1.0,1.0,1.0,1.0,1.0,1.0,1.0,1.0,1.0,1.0,1.0,1.0,1.0,1.0,1.0,1.0,1.0,1.0,1.0,1.0,1.0,1.0,1.0,1.0,1.0,1.0,1.0,1.0
cross fuel tax X wind X transportation sector,0.0,0.0,0.042,0.083,0.125,0.167,0.208,0.25,0.292,0.333,0.375,0.417,0.45849999999999996,0.5,0.5415,0.583,0.6248,0.6666,0.7084,0.7502,0.792,0.8336,0.8752,0.9168000000000001,0.9584,1.0,1.0,1.0,1.0,1.0,1.0,1.0,1.0,1.0,1.0,1.0,1.0,1.0,1.0,1.0,1.0,1.0,1.0,1.0,1.0,1.0,1.0,1.0,1.0,1.0,1.0,1.0,1.0,1.0,1.0,1.0,1.0,1.0,1.0,1.0,1.0,1.0,1.0,1.0,1.0,1.0,1.0,1.0,1.0,1.0,1.0,1.0,1.0,1.0,1.0,1.0
cross fuel tax X wind X electricity sector,0.0,0.0,0.042,0.083,0.125,0.167,0.208,0.25,0.292,0.333,0.375,0.417,0.45849999999999996,0.5,0.5415,0.583,0.6248,0.6666,0.7084,0.7502,0.792,0.8336,0.8752,0.9168000000000001,0.9584,1.0,1.0,1.0,1.0,1.0,1.0,1.0,1.0,1.0,1.0,1.0,1.0,1.0,1.0,1.0,1.0,1.0,1.0,1.0,1.0,1.0,1.0,1.0,1.0,1.0,1.0,1.0,1.0,1.0,1.0,1.0,1.0,1.0,1.0,1.0,1.0,1.0,1.0,1.0,1.0,1.0,1.0,1.0,1.0,1.0,1.0,1.0,1.0,1.0,1.0,1.0
cross fuel tax X wind X residential buildings sector,0.0,0.0,0.042,0.083,0.125,0.167,0.208,0.25,0.292,0.333,0.375,0.417,0.45849999999999996,0.5,0.5415,0.583,0.6248,0.6666,0.7084,0.7502,0.792,0.8336,0.8752,0.9168000000000001,0.9584,1.0,1.0,1.0,1.0,1.0,1.0,1.0,1.0,1.0,1.0,1.0,1.0,1.0,1.0,1.0,1.0,1.0,1.0,1.0,1.0,1.0,1.0,1.0,1.0,1.0,1.0,1.0,1.0,1.0,1.0,1.0,1.0,1.0,1.0,1.0,1.0,1.0,1.0,1.0,1.0,1.0,1.0,1.0,1.0,1.0,1.0,1.0,1.0,1.0,1.0,1.0
cross fuel tax X wind X commercial buildings sector,0.0,0.0,0.042,0.083,0.125,0.167,0.208,0.25,0.292,0.333,0.375,0.417,0.45849999999999996,0.5,0.5415,0.583,0.6248,0.6666,0.7084,0.7502,0.792,0.8336,0.8752,0.9168000000000001,0.9584,1.0,1.0,1.0,1.0,1.0,1.0,1.0,1.0,1.0,1.0,1.0,1.0,1.0,1.0,1.0,1.0,1.0,1.0,1.0,1.0,1.0,1.0,1.0,1.0,1.0,1.0,1.0,1.0,1.0,1.0,1.0,1.0,1.0,1.0,1.0,1.0,1.0,1.0,1.0,1.0,1.0,1.0,1.0,1.0,1.0,1.0,1.0,1.0,1.0,1.0,1.0
cross fuel tax X wind X industry sector,0.0,0.0,0.042,0.083,0.125,0.167,0.208,0.25,0.292,0.333,0.375,0.417,0.45849999999999996,0.5,0.5415,0.583,0.6248,0.6666,0.7084,0.7502,0.792,0.8336,0.8752,0.9168000000000001,0.9584,1.0,1.0,1.0,1.0,1.0,1.0,1.0,1.0,1.0,1.0,1.0,1.0,1.0,1.0,1.0,1.0,1.0,1.0,1.0,1.0,1.0,1.0,1.0,1.0,1.0,1.0,1.0,1.0,1.0,1.0,1.0,1.0,1.0,1.0,1.0,1.0,1.0,1.0,1.0,1.0,1.0,1.0,1.0,1.0,1.0,1.0,1.0,1.0,1.0,1.0,1.0
cross fuel tax X wind X district heat and hydrogen sector,0.0,0.0,0.042,0.083,0.125,0.167,0.208,0.25,0.292,0.333,0.375,0.417,0.45849999999999996,0.5,0.5415,0.583,0.6248,0.6666,0.7084,0.7502,0.792,0.8336,0.8752,0.9168000000000001,0.9584,1.0,1.0,1.0,1.0,1.0,1.0,1.0,1.0,1.0,1.0,1.0,1.0,1.0,1.0,1.0,1.0,1.0,1.0,1.0,1.0,1.0,1.0,1.0,1.0,1.0,1.0,1.0,1.0,1.0,1.0,1.0,1.0,1.0,1.0,1.0,1.0,1.0,1.0,1.0,1.0,1.0,1.0,1.0,1.0,1.0,1.0,1.0,1.0,1.0,1.0,1.0
cross fuel tax X wind X LULUCF sector,0.0,0.0,0.042,0.083,0.125,0.167,0.208,0.25,0.292,0.333,0.375,0.417,0.45849999999999996,0.5,0.5415,0.583,0.6248,0.6666,0.7084,0.7502,0.792,0.8336,0.8752,0.9168000000000001,0.9584,1.0,1.0,1.0,1.0,1.0,1.0,1.0,1.0,1.0,1.0,1.0,1.0,1.0,1.0,1.0,1.0,1.0,1.0,1.0,1.0,1.0,1.0,1.0,1.0,1.0,1.0,1.0,1.0,1.0,1.0,1.0,1.0,1.0,1.0,1.0,1.0,1.0,1.0,1.0,1.0,1.0,1.0,1.0,1.0,1.0,1.0,1.0,1.0,1.0,1.0,1.0
cross fuel tax X wind X geoengineering sector,0.0,0.0,0.042,0.083,0.125,0.167,0.208,0.25,0.292,0.333,0.375,0.417,0.45849999999999996,0.5,0.5415,0.583,0.6248,0.6666,0.7084,0.7502,0.792,0.8336,0.8752,0.9168000000000001,0.9584,1.0,1.0,1.0,1.0,1.0,1.0,1.0,1.0,1.0,1.0,1.0,1.0,1.0,1.0,1.0,1.0,1.0,1.0,1.0,1.0,1.0,1.0,1.0,1.0,1.0,1.0,1.0,1.0,1.0,1.0,1.0,1.0,1.0,1.0,1.0,1.0,1.0,1.0,1.0,1.0,1.0,1.0,1.0,1.0,1.0,1.0,1.0,1.0,1.0,1.0,1.0
cross fuel tax X solar X transportation sector,0.0,0.0,0.042,0.083,0.125,0.167,0.208,0.25,0.292,0.333,0.375,0.417,0.45849999999999996,0.5,0.5415,0.583,0.6248,0.6666,0.7084,0.7502,0.792,0.8336,0.8752,0.9168000000000001,0.9584,1.0,1.0,1.0,1.0,1.0,1.0,1.0,1.0,1.0,1.0,1.0,1.0,1.0,1.0,1.0,1.0,1.0,1.0,1.0,1.0,1.0,1.0,1.0,1.0,1.0,1.0,1.0,1.0,1.0,1.0,1.0,1.0,1.0,1.0,1.0,1.0,1.0,1.0,1.0,1.0,1.0,1.0,1.0,1.0,1.0,1.0,1.0,1.0,1.0,1.0,1.0
cross fuel tax X solar X electricity sector,0.0,0.0,0.042,0.083,0.125,0.167,0.208,0.25,0.292,0.333,0.375,0.417,0.45849999999999996,0.5,0.5415,0.583,0.6248,0.6666,0.7084,0.7502,0.792,0.8336,0.8752,0.9168000000000001,0.9584,1.0,1.0,1.0,1.0,1.0,1.0,1.0,1.0,1.0,1.0,1.0,1.0,1.0,1.0,1.0,1.0,1.0,1.0,1.0,1.0,1.0,1.0,1.0,1.0,1.0,1.0,1.0,1.0,1.0,1.0,1.0,1.0,1.0,1.0,1.0,1.0,1.0,1.0,1.0,1.0,1.0,1.0,1.0,1.0,1.0,1.0,1.0,1.0,1.0,1.0,1.0
cross fuel tax X solar X residential buildings sector,0.0,0.0,0.042,0.083,0.125,0.167,0.208,0.25,0.292,0.333,0.375,0.417,0.45849999999999996,0.5,0.5415,0.583,0.6248,0.6666,0.7084,0.7502,0.792,0.8336,0.8752,0.9168000000000001,0.9584,1.0,1.0,1.0,1.0,1.0,1.0,1.0,1.0,1.0,1.0,1.0,1.0,1.0,1.0,1.0,1.0,1.0,1.0,1.0,1.0,1.0,1.0,1.0,1.0,1.0,1.0,1.0,1.0,1.0,1.0,1.0,1.0,1.0,1.0,1.0,1.0,1.0,1.0,1.0,1.0,1.0,1.0,1.0,1.0,1.0,1.0,1.0,1.0,1.0,1.0,1.0
cross fuel tax X solar X commercial buildings sector,0.0,0.0,0.042,0.083,0.125,0.167,0.208,0.25,0.292,0.333,0.375,0.417,0.45849999999999996,0.5,0.5415,0.583,0.6248,0.6666,0.7084,0.7502,0.792,0.8336,0.8752,0.9168000000000001,0.9584,1.0,1.0,1.0,1.0,1.0,1.0,1.0,1.0,1.0,1.0,1.0,1.0,1.0,1.0,1.0,1.0,1.0,1.0,1.0,1.0,1.0,1.0,1.0,1.0,1.0,1.0,1.0,1.0,1.0,1.0,1.0,1.0,1.0,1.0,1.0,1.0,1.0,1.0,1.0,1.0,1.0,1.0,1.0,1.0,1.0,1.0,1.0,1.0,1.0,1.0,1.0
cross fuel tax X solar X industry sector,0.0,0.0,0.042,0.083,0.125,0.167,0.208,0.25,0.292,0.333,0.375,0.417,0.45849999999999996,0.5,0.5415,0.583,0.6248,0.6666,0.7084,0.7502,0.792,0.8336,0.8752,0.9168000000000001,0.9584,1.0,1.0,1.0,1.0,1.0,1.0,1.0,1.0,1.0,1.0,1.0,1.0,1.0,1.0,1.0,1.0,1.0,1.0,1.0,1.0,1.0,1.0,1.0,1.0,1.0,1.0,1.0,1.0,1.0,1.0,1.0,1.0,1.0,1.0,1.0,1.0,1.0,1.0,1.0,1.0,1.0,1.0,1.0,1.0,1.0,1.0,1.0,1.0,1.0,1.0,1.0
cross fuel tax X solar X district heat and hydrogen sector,0.0,0.0,0.042,0.083,0.125,0.167,0.208,0.25,0.292,0.333,0.375,0.417,0.45849999999999996,0.5,0.5415,0.583,0.6248,0.6666,0.7084,0.7502,0.792,0.8336,0.8752,0.9168000000000001,0.9584,1.0,1.0,1.0,1.0,1.0,1.0,1.0,1.0,1.0,1.0,1.0,1.0,1.0,1.0,1.0,1.0,1.0,1.0,1.0,1.0,1.0,1.0,1.0,1.0,1.0,1.0,1.0,1.0,1.0,1.0,1.0,1.0,1.0,1.0,1.0,1.0,1.0,1.0,1.0,1.0,1.0,1.0,1.0,1.0,1.0,1.0,1.0,1.0,1.0,1.0,1.0
cross fuel tax X solar X LULUCF sector,0.0,0.0,0.042,0.083,0.125,0.167,0.208,0.25,0.292,0.333,0.375,0.417,0.45849999999999996,0.5,0.5415,0.583,0.6248,0.6666,0.7084,0.7502,0.792,0.8336,0.8752,0.9168000000000001,0.9584,1.0,1.0,1.0,1.0,1.0,1.0,1.0,1.0,1.0,1.0,1.0,1.0,1.0,1.0,1.0,1.0,1.0,1.0,1.0,1.0,1.0,1.0,1.0,1.0,1.0,1.0,1.0,1.0,1.0,1.0,1.0,1.0,1.0,1.0,1.0,1.0,1.0,1.0,1.0,1.0,1.0,1.0,1.0,1.0,1.0,1.0,1.0,1.0,1.0,1.0,1.0
cross fuel tax X solar X geoengineering sector,0.0,0.0,0.042,0.083,0.125,0.167,0.208,0.25,0.292,0.333,0.375,0.417,0.45849999999999996,0.5,0.5415,0.583,0.6248,0.6666,0.7084,0.7502,0.792,0.8336,0.8752,0.9168000000000001,0.9584,1.0,1.0,1.0,1.0,1.0,1.0,1.0,1.0,1.0,1.0,1.0,1.0,1.0,1.0,1.0,1.0,1.0,1.0,1.0,1.0,1.0,1.0,1.0,1.0,1.0,1.0,1.0,1.0,1.0,1.0,1.0,1.0,1.0,1.0,1.0,1.0,1.0,1.0,1.0,1.0,1.0,1.0,1.0,1.0,1.0,1.0,1.0,1.0,1.0,1.0,1.0
cross fuel tax X biomass X transportation sector,0.0,0.0,0.042,0.083,0.125,0.167,0.208,0.25,0.292,0.333,0.375,0.417,0.45849999999999996,0.5,0.5415,0.583,0.6248,0.6666,0.7084,0.7502,0.792,0.8336,0.8752,0.9168000000000001,0.9584,1.0,1.0,1.0,1.0,1.0,1.0,1.0,1.0,1.0,1.0,1.0,1.0,1.0,1.0,1.0,1.0,1.0,1.0,1.0,1.0,1.0,1.0,1.0,1.0,1.0,1.0,1.0,1.0,1.0,1.0,1.0,1.0,1.0,1.0,1.0,1.0,1.0,1.0,1.0,1.0,1.0,1.0,1.0,1.0,1.0,1.0,1.0,1.0,1.0,1.0,1.0
cross fuel tax X biomass X electricity sector,0.0,0.0,0.042,0.083,0.125,0.167,0.208,0.25,0.292,0.333,0.375,0.417,0.45849999999999996,0.5,0.5415,0.583,0.6248,0.6666,0.7084,0.7502,0.792,0.8336,0.8752,0.9168000000000001,0.9584,1.0,1.0,1.0,1.0,1.0,1.0,1.0,1.0,1.0,1.0,1.0,1.0,1.0,1.0,1.0,1.0,1.0,1.0,1.0,1.0,1.0,1.0,1.0,1.0,1.0,1.0,1.0,1.0,1.0,1.0,1.0,1.0,1.0,1.0,1.0,1.0,1.0,1.0,1.0,1.0,1.0,1.0,1.0,1.0,1.0,1.0,1.0,1.0,1.0,1.0,1.0
cross fuel tax X biomass X residential buildings sector,0.0,0.0,0.042,0.083,0.125,0.167,0.208,0.25,0.292,0.333,0.375,0.417,0.45849999999999996,0.5,0.5415,0.583,0.6248,0.6666,0.7084,0.7502,0.792,0.8336,0.8752,0.9168000000000001,0.9584,1.0,1.0,1.0,1.0,1.0,1.0,1.0,1.0,1.0,1.0,1.0,1.0,1.0,1.0,1.0,1.0,1.0,1.0,1.0,1.0,1.0,1.0,1.0,1.0,1.0,1.0,1.0,1.0,1.0,1.0,1.0,1.0,1.0,1.0,1.0,1.0,1.0,1.0,1.0,1.0,1.0,1.0,1.0,1.0,1.0,1.0,1.0,1.0,1.0,1.0,1.0
cross fuel tax X biomass X commercial buildings sector,0.0,0.0,0.042,0.083,0.125,0.167,0.208,0.25,0.292,0.333,0.375,0.417,0.45849999999999996,0.5,0.5415,0.583,0.6248,0.6666,0.7084,0.7502,0.792,0.8336,0.8752,0.9168000000000001,0.9584,1.0,1.0,1.0,1.0,1.0,1.0,1.0,1.0,1.0,1.0,1.0,1.0,1.0,1.0,1.0,1.0,1.0,1.0,1.0,1.0,1.0,1.0,1.0,1.0,1.0,1.0,1.0,1.0,1.0,1.0,1.0,1.0,1.0,1.0,1.0,1.0,1.0,1.0,1.0,1.0,1.0,1.0,1.0,1.0,1.0,1.0,1.0,1.0,1.0,1.0,1.0
cross fuel tax X biomass X industry sector,0.0,0.0,0.042,0.083,0.125,0.167,0.208,0.25,0.292,0.333,0.375,0.417,0.45849999999999996,0.5,0.5415,0.583,0.6248,0.6666,0.7084,0.7502,0.792,0.8336,0.8752,0.9168000000000001,0.9584,1.0,1.0,1.0,1.0,1.0,1.0,1.0,1.0,1.0,1.0,1.0,1.0,1.0,1.0,1.0,1.0,1.0,1.0,1.0,1.0,1.0,1.0,1.0,1.0,1.0,1.0,1.0,1.0,1.0,1.0,1.0,1.0,1.0,1.0,1.0,1.0,1.0,1.0,1.0,1.0,1.0,1.0,1.0,1.0,1.0,1.0,1.0,1.0,1.0,1.0,1.0
cross fuel tax X biomass X district heat and hydrogen sector,0.0,0.0,0.042,0.083,0.125,0.167,0.208,0.25,0.292,0.333,0.375,0.417,0.45849999999999996,0.5,0.5415,0.583,0.6248,0.6666,0.7084,0.7502,0.792,0.8336,0.8752,0.9168000000000001,0.9584,1.0,1.0,1.0,1.0,1.0,1.0,1.0,1.0,1.0,1.0,1.0,1.0,1.0,1.0,1.0,1.0,1.0,1.0,1.0,1.0,1.0,1.0,1.0,1.0,1.0,1.0,1.0,1.0,1.0,1.0,1.0,1.0,1.0,1.0,1.0,1.0,1.0,1.0,1.0,1.0,1.0,1.0,1.0,1.0,1.0,1.0,1.0,1.0,1.0,1.0,1.0
cross fuel tax X biomass X LULUCF sector,0.0,0.0,0.042,0.083,0.125,0.167,0.208,0.25,0.292,0.333,0.375,0.417,0.45849999999999996,0.5,0.5415,0.583,0.6248,0.6666,0.7084,0.7502,0.792,0.8336,0.8752,0.9168000000000001,0.9584,1.0,1.0,1.0,1.0,1.0,1.0,1.0,1.0,1.0,1.0,1.0,1.0,1.0,1.0,1.0,1.0,1.0,1.0,1.0,1.0,1.0,1.0,1.0,1.0,1.0,1.0,1.0,1.0,1.0,1.0,1.0,1.0,1.0,1.0,1.0,1.0,1.0,1.0,1.0,1.0,1.0,1.0,1.0,1.0,1.0,1.0,1.0,1.0,1.0,1.0,1.0
cross fuel tax X biomass X geoengineering sector,0.0,0.0,0.042,0.083,0.125,0.167,0.208,0.25,0.292,0.333,0.375,0.417,0.45849999999999996,0.5,0.5415,0.583,0.6248,0.6666,0.7084,0.7502,0.792,0.8336,0.8752,0.9168000000000001,0.9584,1.0,1.0,1.0,1.0,1.0,1.0,1.0,1.0,1.0,1.0,1.0,1.0,1.0,1.0,1.0,1.0,1.0,1.0,1.0,1.0,1.0,1.0,1.0,1.0,1.0,1.0,1.0,1.0,1.0,1.0,1.0,1.0,1.0,1.0,1.0,1.0,1.0,1.0,1.0,1.0,1.0,1.0,1.0,1.0,1.0,1.0,1.0,1.0,1.0,1.0,1.0
cross fuel tax X petroleum gasoline X transportation sector,0.0,0.0,0.042,0.083,0.125,0.167,0.208,0.25,0.292,0.333,0.375,0.417,0.45849999999999996,0.5,0.5415,0.583,0.6248,0.6666,0.7084,0.7502,0.792,0.8336,0.8752,0.9168000000000001,0.9584,1.0,1.0,1.0,1.0,1.0,1.0,1.0,1.0,1.0,1.0,1.0,1.0,1.0,1.0,1.0,1.0,1.0,1.0,1.0,1.0,1.0,1.0,1.0,1.0,1.0,1.0,1.0,1.0,1.0,1.0,1.0,1.0,1.0,1.0,1.0,1.0,1.0,1.0,1.0,1.0,1.0,1.0,1.0,1.0,1.0,1.0,1.0,1.0,1.0,1.0,1.0
cross fuel tax X petroleum gasoline X electricity sector,0.0,0.0,0.042,0.083,0.125,0.167,0.208,0.25,0.292,0.333,0.375,0.417,0.45849999999999996,0.5,0.5415,0.583,0.6248,0.6666,0.7084,0.7502,0.792,0.8336,0.8752,0.9168000000000001,0.9584,1.0,1.0,1.0,1.0,1.0,1.0,1.0,1.0,1.0,1.0,1.0,1.0,1.0,1.0,1.0,1.0,1.0,1.0,1.0,1.0,1.0,1.0,1.0,1.0,1.0,1.0,1.0,1.0,1.0,1.0,1.0,1.0,1.0,1.0,1.0,1.0,1.0,1.0,1.0,1.0,1.0,1.0,1.0,1.0,1.0,1.0,1.0,1.0,1.0,1.0,1.0
cross fuel tax X petroleum gasoline X residential buildings sector,0.0,0.0,0.042,0.083,0.125,0.167,0.208,0.25,0.292,0.333,0.375,0.417,0.45849999999999996,0.5,0.5415,0.583,0.6248,0.6666,0.7084,0.7502,0.792,0.8336,0.8752,0.9168000000000001,0.9584,1.0,1.0,1.0,1.0,1.0,1.0,1.0,1.0,1.0,1.0,1.0,1.0,1.0,1.0,1.0,1.0,1.0,1.0,1.0,1.0,1.0,1.0,1.0,1.0,1.0,1.0,1.0,1.0,1.0,1.0,1.0,1.0,1.0,1.0,1.0,1.0,1.0,1.0,1.0,1.0,1.0,1.0,1.0,1.0,1.0,1.0,1.0,1.0,1.0,1.0,1.0
cross fuel tax X petroleum gasoline X commercial buildings sector,0.0,0.0,0.042,0.083,0.125,0.167,0.208,0.25,0.292,0.333,0.375,0.417,0.45849999999999996,0.5,0.5415,0.583,0.6248,0.6666,0.7084,0.7502,0.792,0.8336,0.8752,0.9168000000000001,0.9584,1.0,1.0,1.0,1.0,1.0,1.0,1.0,1.0,1.0,1.0,1.0,1.0,1.0,1.0,1.0,1.0,1.0,1.0,1.0,1.0,1.0,1.0,1.0,1.0,1.0,1.0,1.0,1.0,1.0,1.0,1.0,1.0,1.0,1.0,1.0,1.0,1.0,1.0,1.0,1.0,1.0,1.0,1.0,1.0,1.0,1.0,1.0,1.0,1.0,1.0,1.0
cross fuel tax X petroleum gasoline X industry sector,0.0,0.0,0.042,0.083,0.125,0.167,0.208,0.25,0.292,0.333,0.375,0.417,0.45849999999999996,0.5,0.5415,0.583,0.6248,0.6666,0.7084,0.7502,0.792,0.8336,0.8752,0.9168000000000001,0.9584,1.0,1.0,1.0,1.0,1.0,1.0,1.0,1.0,1.0,1.0,1.0,1.0,1.0,1.0,1.0,1.0,1.0,1.0,1.0,1.0,1.0,1.0,1.0,1.0,1.0,1.0,1.0,1.0,1.0,1.0,1.0,1.0,1.0,1.0,1.0,1.0,1.0,1.0,1.0,1.0,1.0,1.0,1.0,1.0,1.0,1.0,1.0,1.0,1.0,1.0,1.0
cross fuel tax X petroleum gasoline X district heat and hydrogen sector,0.0,0.0,0.042,0.083,0.125,0.167,0.208,0.25,0.292,0.333,0.375,0.417,0.45849999999999996,0.5,0.5415,0.583,0.6248,0.6666,0.7084,0.7502,0.792,0.8336,0.8752,0.9168000000000001,0.9584,1.0,1.0,1.0,1.0,1.0,1.0,1.0,1.0,1.0,1.0,1.0,1.0,1.0,1.0,1.0,1.0,1.0,1.0,1.0,1.0,1.0,1.0,1.0,1.0,1.0,1.0,1.0,1.0,1.0,1.0,1.0,1.0,1.0,1.0,1.0,1.0,1.0,1.0,1.0,1.0,1.0,1.0,1.0,1.0,1.0,1.0,1.0,1.0,1.0,1.0,1.0
cross fuel tax X petroleum gasoline X LULUCF sector,0.0,0.0,0.042,0.083,0.125,0.167,0.208,0.25,0.292,0.333,0.375,0.417,0.45849999999999996,0.5,0.5415,0.583,0.6248,0.6666,0.7084,0.7502,0.792,0.8336,0.8752,0.9168000000000001,0.9584,1.0,1.0,1.0,1.0,1.0,1.0,1.0,1.0,1.0,1.0,1.0,1.0,1.0,1.0,1.0,1.0,1.0,1.0,1.0,1.0,1.0,1.0,1.0,1.0,1.0,1.0,1.0,1.0,1.0,1.0,1.0,1.0,1.0,1.0,1.0,1.0,1.0,1.0,1.0,1.0,1.0,1.0,1.0,1.0,1.0,1.0,1.0,1.0,1.0,1.0,1.0
cross fuel tax X petroleum gasoline X geoengineering sector,0.0,0.0,0.042,0.083,0.125,0.167,0.208,0.25,0.292,0.333,0.375,0.417,0.45849999999999996,0.5,0.5415,0.583,0.6248,0.6666,0.7084,0.7502,0.792,0.8336,0.8752,0.9168000000000001,0.9584,1.0,1.0,1.0,1.0,1.0,1.0,1.0,1.0,1.0,1.0,1.0,1.0,1.0,1.0,1.0,1.0,1.0,1.0,1.0,1.0,1.0,1.0,1.0,1.0,1.0,1.0,1.0,1.0,1.0,1.0,1.0,1.0,1.0,1.0,1.0,1.0,1.0,1.0,1.0,1.0,1.0,1.0,1.0,1.0,1.0,1.0,1.0,1.0,1.0,1.0,1.0
cross fuel tax X petroleum diesel X transportation sector,0.0,0.0,0.042,0.083,0.125,0.167,0.208,0.25,0.292,0.333,0.375,0.417,0.45849999999999996,0.5,0.5415,0.583,0.6248,0.6666,0.7084,0.7502,0.792,0.8336,0.8752,0.9168000000000001,0.9584,1.0,1.0,1.0,1.0,1.0,1.0,1.0,1.0,1.0,1.0,1.0,1.0,1.0,1.0,1.0,1.0,1.0,1.0,1.0,1.0,1.0,1.0,1.0,1.0,1.0,1.0,1.0,1.0,1.0,1.0,1.0,1.0,1.0,1.0,1.0,1.0,1.0,1.0,1.0,1.0,1.0,1.0,1.0,1.0,1.0,1.0,1.0,1.0,1.0,1.0,1.0
cross fuel tax X petroleum diesel X electricity sector,0.0,0.0,0.042,0.083,0.125,0.167,0.208,0.25,0.292,0.333,0.375,0.417,0.45849999999999996,0.5,0.5415,0.583,0.6248,0.6666,0.7084,0.7502,0.792,0.8336,0.8752,0.9168000000000001,0.9584,1.0,1.0,1.0,1.0,1.0,1.0,1.0,1.0,1.0,1.0,1.0,1.0,1.0,1.0,1.0,1.0,1.0,1.0,1.0,1.0,1.0,1.0,1.0,1.0,1.0,1.0,1.0,1.0,1.0,1.0,1.0,1.0,1.0,1.0,1.0,1.0,1.0,1.0,1.0,1.0,1.0,1.0,1.0,1.0,1.0,1.0,1.0,1.0,1.0,1.0,1.0
cross fuel tax X petroleum diesel X residential buildings sector,0.0,0.0,0.042,0.083,0.125,0.167,0.208,0.25,0.292,0.333,0.375,0.417,0.45849999999999996,0.5,0.5415,0.583,0.6248,0.6666,0.7084,0.7502,0.792,0.8336,0.8752,0.9168000000000001,0.9584,1.0,1.0,1.0,1.0,1.0,1.0,1.0,1.0,1.0,1.0,1.0,1.0,1.0,1.0,1.0,1.0,1.0,1.0,1.0,1.0,1.0,1.0,1.0,1.0,1.0,1.0,1.0,1.0,1.0,1.0,1.0,1.0,1.0,1.0,1.0,1.0,1.0,1.0,1.0,1.0,1.0,1.0,1.0,1.0,1.0,1.0,1.0,1.0,1.0,1.0,1.0
cross fuel tax X petroleum diesel X commercial buildings sector,0.0,0.0,0.042,0.083,0.125,0.167,0.208,0.25,0.292,0.333,0.375,0.417,0.45849999999999996,0.5,0.5415,0.583,0.6248,0.6666,0.7084,0.7502,0.792,0.8336,0.8752,0.9168000000000001,0.9584,1.0,1.0,1.0,1.0,1.0,1.0,1.0,1.0,1.0,1.0,1.0,1.0,1.0,1.0,1.0,1.0,1.0,1.0,1.0,1.0,1.0,1.0,1.0,1.0,1.0,1.0,1.0,1.0,1.0,1.0,1.0,1.0,1.0,1.0,1.0,1.0,1.0,1.0,1.0,1.0,1.0,1.0,1.0,1.0,1.0,1.0,1.0,1.0,1.0,1.0,1.0
cross fuel tax X petroleum diesel X industry sector,0.0,0.0,0.042,0.083,0.125,0.167,0.208,0.25,0.292,0.333,0.375,0.417,0.45849999999999996,0.5,0.5415,0.583,0.6248,0.6666,0.7084,0.7502,0.792,0.8336,0.8752,0.9168000000000001,0.9584,1.0,1.0,1.0,1.0,1.0,1.0,1.0,1.0,1.0,1.0,1.0,1.0,1.0,1.0,1.0,1.0,1.0,1.0,1.0,1.0,1.0,1.0,1.0,1.0,1.0,1.0,1.0,1.0,1.0,1.0,1.0,1.0,1.0,1.0,1.0,1.0,1.0,1.0,1.0,1.0,1.0,1.0,1.0,1.0,1.0,1.0,1.0,1.0,1.0,1.0,1.0
cross fuel tax X petroleum diesel X district heat and hydrogen sector,0.0,0.0,0.042,0.083,0.125,0.167,0.208,0.25,0.292,0.333,0.375,0.417,0.45849999999999996,0.5,0.5415,0.583,0.6248,0.6666,0.7084,0.7502,0.792,0.8336,0.8752,0.9168000000000001,0.9584,1.0,1.0,1.0,1.0,1.0,1.0,1.0,1.0,1.0,1.0,1.0,1.0,1.0,1.0,1.0,1.0,1.0,1.0,1.0,1.0,1.0,1.0,1.0,1.0,1.0,1.0,1.0,1.0,1.0,1.0,1.0,1.0,1.0,1.0,1.0,1.0,1.0,1.0,1.0,1.0,1.0,1.0,1.0,1.0,1.0,1.0,1.0,1.0,1.0,1.0,1.0
cross fuel tax X petroleum diesel X LULUCF sector,0.0,0.0,0.042,0.083,0.125,0.167,0.208,0.25,0.292,0.333,0.375,0.417,0.45849999999999996,0.5,0.5415,0.583,0.6248,0.6666,0.7084,0.7502,0.792,0.8336,0.8752,0.9168000000000001,0.9584,1.0,1.0,1.0,1.0,1.0,1.0,1.0,1.0,1.0,1.0,1.0,1.0,1.0,1.0,1.0,1.0,1.0,1.0,1.0,1.0,1.0,1.0,1.0,1.0,1.0,1.0,1.0,1.0,1.0,1.0,1.0,1.0,1.0,1.0,1.0,1.0,1.0,1.0,1.0,1.0,1.0,1.0,1.0,1.0,1.0,1.0,1.0,1.0,1.0,1.0,1.0
cross fuel tax X petroleum diesel X geoengineering sector,0.0,0.0,0.042,0.083,0.125,0.167,0.208,0.25,0.292,0.333,0.375,0.417,0.45849999999999996,0.5,0.5415,0.583,0.6248,0.6666,0.7084,0.7502,0.792,0.8336,0.8752,0.9168000000000001,0.9584,1.0,1.0,1.0,1.0,1.0,1.0,1.0,1.0,1.0,1.0,1.0,1.0,1.0,1.0,1.0,1.0,1.0,1.0,1.0,1.0,1.0,1.0,1.0,1.0,1.0,1.0,1.0,1.0,1.0,1.0,1.0,1.0,1.0,1.0,1.0,1.0,1.0,1.0,1.0,1.0,1.0,1.0,1.0,1.0,1.0,1.0,1.0,1.0,1.0,1.0,1.0
cross fuel tax X biofuel gasoline X transportation sector,0.0,0.0,0.042,0.083,0.125,0.167,0.208,0.25,0.292,0.333,0.375,0.417,0.45849999999999996,0.5,0.5415,0.583,0.6248,0.6666,0.7084,0.7502,0.792,0.8336,0.8752,0.9168000000000001,0.9584,1.0,1.0,1.0,1.0,1.0,1.0,1.0,1.0,1.0,1.0,1.0,1.0,1.0,1.0,1.0,1.0,1.0,1.0,1.0,1.0,1.0,1.0,1.0,1.0,1.0,1.0,1.0,1.0,1.0,1.0,1.0,1.0,1.0,1.0,1.0,1.0,1.0,1.0,1.0,1.0,1.0,1.0,1.0,1.0,1.0,1.0,1.0,1.0,1.0,1.0,1.0
cross fuel tax X biofuel gasoline X electricity sector,0.0,0.0,0.042,0.083,0.125,0.167,0.208,0.25,0.292,0.333,0.375,0.417,0.45849999999999996,0.5,0.5415,0.583,0.6248,0.6666,0.7084,0.7502,0.792,0.8336,0.8752,0.9168000000000001,0.9584,1.0,1.0,1.0,1.0,1.0,1.0,1.0,1.0,1.0,1.0,1.0,1.0,1.0,1.0,1.0,1.0,1.0,1.0,1.0,1.0,1.0,1.0,1.0,1.0,1.0,1.0,1.0,1.0,1.0,1.0,1.0,1.0,1.0,1.0,1.0,1.0,1.0,1.0,1.0,1.0,1.0,1.0,1.0,1.0,1.0,1.0,1.0,1.0,1.0,1.0,1.0
cross fuel tax X biofuel gasoline X residential buildings sector,0.0,0.0,0.042,0.083,0.125,0.167,0.208,0.25,0.292,0.333,0.375,0.417,0.45849999999999996,0.5,0.5415,0.583,0.6248,0.6666,0.7084,0.7502,0.792,0.8336,0.8752,0.9168000000000001,0.9584,1.0,1.0,1.0,1.0,1.0,1.0,1.0,1.0,1.0,1.0,1.0,1.0,1.0,1.0,1.0,1.0,1.0,1.0,1.0,1.0,1.0,1.0,1.0,1.0,1.0,1.0,1.0,1.0,1.0,1.0,1.0,1.0,1.0,1.0,1.0,1.0,1.0,1.0,1.0,1.0,1.0,1.0,1.0,1.0,1.0,1.0,1.0,1.0,1.0,1.0,1.0
cross fuel tax X biofuel gasoline X commercial buildings sector,0.0,0.0,0.042,0.083,0.125,0.167,0.208,0.25,0.292,0.333,0.375,0.417,0.45849999999999996,0.5,0.5415,0.583,0.6248,0.6666,0.7084,0.7502,0.792,0.8336,0.8752,0.9168000000000001,0.9584,1.0,1.0,1.0,1.0,1.0,1.0,1.0,1.0,1.0,1.0,1.0,1.0,1.0,1.0,1.0,1.0,1.0,1.0,1.0,1.0,1.0,1.0,1.0,1.0,1.0,1.0,1.0,1.0,1.0,1.0,1.0,1.0,1.0,1.0,1.0,1.0,1.0,1.0,1.0,1.0,1.0,1.0,1.0,1.0,1.0,1.0,1.0,1.0,1.0,1.0,1.0
cross fuel tax X biofuel gasoline X industry sector,0.0,0.0,0.042,0.083,0.125,0.167,0.208,0.25,0.292,0.333,0.375,0.417,0.45849999999999996,0.5,0.5415,0.583,0.6248,0.6666,0.7084,0.7502,0.792,0.8336,0.8752,0.9168000000000001,0.9584,1.0,1.0,1.0,1.0,1.0,1.0,1.0,1.0,1.0,1.0,1.0,1.0,1.0,1.0,1.0,1.0,1.0,1.0,1.0,1.0,1.0,1.0,1.0,1.0,1.0,1.0,1.0,1.0,1.0,1.0,1.0,1.0,1.0,1.0,1.0,1.0,1.0,1.0,1.0,1.0,1.0,1.0,1.0,1.0,1.0,1.0,1.0,1.0,1.0,1.0,1.0
cross fuel tax X biofuel gasoline X district heat and hydrogen sector,0.0,0.0,0.042,0.083,0.125,0.167,0.208,0.25,0.292,0.333,0.375,0.417,0.45849999999999996,0.5,0.5415,0.583,0.6248,0.6666,0.7084,0.7502,0.792,0.8336,0.8752,0.9168000000000001,0.9584,1.0,1.0,1.0,1.0,1.0,1.0,1.0,1.0,1.0,1.0,1.0,1.0,1.0,1.0,1.0,1.0,1.0,1.0,1.0,1.0,1.0,1.0,1.0,1.0,1.0,1.0,1.0,1.0,1.0,1.0,1.0,1.0,1.0,1.0,1.0,1.0,1.0,1.0,1.0,1.0,1.0,1.0,1.0,1.0,1.0,1.0,1.0,1.0,1.0,1.0,1.0
cross fuel tax X biofuel gasoline X LULUCF sector,0.0,0.0,0.042,0.083,0.125,0.167,0.208,0.25,0.292,0.333,0.375,0.417,0.45849999999999996,0.5,0.5415,0.583,0.6248,0.6666,0.7084,0.7502,0.792,0.8336,0.8752,0.9168000000000001,0.9584,1.0,1.0,1.0,1.0,1.0,1.0,1.0,1.0,1.0,1.0,1.0,1.0,1.0,1.0,1.0,1.0,1.0,1.0,1.0,1.0,1.0,1.0,1.0,1.0,1.0,1.0,1.0,1.0,1.0,1.0,1.0,1.0,1.0,1.0,1.0,1.0,1.0,1.0,1.0,1.0,1.0,1.0,1.0,1.0,1.0,1.0,1.0,1.0,1.0,1.0,1.0
cross fuel tax X biofuel gasoline X geoengineering sector,0.0,0.0,0.042,0.083,0.125,0.167,0.208,0.25,0.292,0.333,0.375,0.417,0.45849999999999996,0.5,0.5415,0.583,0.6248,0.6666,0.7084,0.7502,0.792,0.8336,0.8752,0.9168000000000001,0.9584,1.0,1.0,1.0,1.0,1.0,1.0,1.0,1.0,1.0,1.0,1.0,1.0,1.0,1.0,1.0,1.0,1.0,1.0,1.0,1.0,1.0,1.0,1.0,1.0,1.0,1.0,1.0,1.0,1.0,1.0,1.0,1.0,1.0,1.0,1.0,1.0,1.0,1.0,1.0,1.0,1.0,1.0,1.0,1.0,1.0,1.0,1.0,1.0,1.0,1.0,1.0
cross fuel tax X biofuel diesel X transportation sector,0.0,0.0,0.042,0.083,0.125,0.167,0.208,0.25,0.292,0.333,0.375,0.417,0.45849999999999996,0.5,0.5415,0.583,0.6248,0.6666,0.7084,0.7502,0.792,0.8336,0.8752,0.9168000000000001,0.9584,1.0,1.0,1.0,1.0,1.0,1.0,1.0,1.0,1.0,1.0,1.0,1.0,1.0,1.0,1.0,1.0,1.0,1.0,1.0,1.0,1.0,1.0,1.0,1.0,1.0,1.0,1.0,1.0,1.0,1.0,1.0,1.0,1.0,1.0,1.0,1.0,1.0,1.0,1.0,1.0,1.0,1.0,1.0,1.0,1.0,1.0,1.0,1.0,1.0,1.0,1.0
cross fuel tax X biofuel diesel X electricity sector,0.0,0.0,0.042,0.083,0.125,0.167,0.208,0.25,0.292,0.333,0.375,0.417,0.45849999999999996,0.5,0.5415,0.583,0.6248,0.6666,0.7084,0.7502,0.792,0.8336,0.8752,0.9168000000000001,0.9584,1.0,1.0,1.0,1.0,1.0,1.0,1.0,1.0,1.0,1.0,1.0,1.0,1.0,1.0,1.0,1.0,1.0,1.0,1.0,1.0,1.0,1.0,1.0,1.0,1.0,1.0,1.0,1.0,1.0,1.0,1.0,1.0,1.0,1.0,1.0,1.0,1.0,1.0,1.0,1.0,1.0,1.0,1.0,1.0,1.0,1.0,1.0,1.0,1.0,1.0,1.0
cross fuel tax X biofuel diesel X residential buildings sector,0.0,0.0,0.042,0.083,0.125,0.167,0.208,0.25,0.292,0.333,0.375,0.417,0.45849999999999996,0.5,0.5415,0.583,0.6248,0.6666,0.7084,0.7502,0.792,0.8336,0.8752,0.9168000000000001,0.9584,1.0,1.0,1.0,1.0,1.0,1.0,1.0,1.0,1.0,1.0,1.0,1.0,1.0,1.0,1.0,1.0,1.0,1.0,1.0,1.0,1.0,1.0,1.0,1.0,1.0,1.0,1.0,1.0,1.0,1.0,1.0,1.0,1.0,1.0,1.0,1.0,1.0,1.0,1.0,1.0,1.0,1.0,1.0,1.0,1.0,1.0,1.0,1.0,1.0,1.0,1.0
cross fuel tax X biofuel diesel X commercial buildings sector,0.0,0.0,0.042,0.083,0.125,0.167,0.208,0.25,0.292,0.333,0.375,0.417,0.45849999999999996,0.5,0.5415,0.583,0.6248,0.6666,0.7084,0.7502,0.792,0.8336,0.8752,0.9168000000000001,0.9584,1.0,1.0,1.0,1.0,1.0,1.0,1.0,1.0,1.0,1.0,1.0,1.0,1.0,1.0,1.0,1.0,1.0,1.0,1.0,1.0,1.0,1.0,1.0,1.0,1.0,1.0,1.0,1.0,1.0,1.0,1.0,1.0,1.0,1.0,1.0,1.0,1.0,1.0,1.0,1.0,1.0,1.0,1.0,1.0,1.0,1.0,1.0,1.0,1.0,1.0,1.0
cross fuel tax X biofuel diesel X industry sector,0.0,0.0,0.042,0.083,0.125,0.167,0.208,0.25,0.292,0.333,0.375,0.417,0.45849999999999996,0.5,0.5415,0.583,0.6248,0.6666,0.7084,0.7502,0.792,0.8336,0.8752,0.9168000000000001,0.9584,1.0,1.0,1.0,1.0,1.0,1.0,1.0,1.0,1.0,1.0,1.0,1.0,1.0,1.0,1.0,1.0,1.0,1.0,1.0,1.0,1.0,1.0,1.0,1.0,1.0,1.0,1.0,1.0,1.0,1.0,1.0,1.0,1.0,1.0,1.0,1.0,1.0,1.0,1.0,1.0,1.0,1.0,1.0,1.0,1.0,1.0,1.0,1.0,1.0,1.0,1.0
cross fuel tax X biofuel diesel X district heat and hydrogen sector,0.0,0.0,0.042,0.083,0.125,0.167,0.208,0.25,0.292,0.333,0.375,0.417,0.45849999999999996,0.5,0.5415,0.583,0.6248,0.6666,0.7084,0.7502,0.792,0.8336,0.8752,0.9168000000000001,0.9584,1.0,1.0,1.0,1.0,1.0,1.0,1.0,1.0,1.0,1.0,1.0,1.0,1.0,1.0,1.0,1.0,1.0,1.0,1.0,1.0,1.0,1.0,1.0,1.0,1.0,1.0,1.0,1.0,1.0,1.0,1.0,1.0,1.0,1.0,1.0,1.0,1.0,1.0,1.0,1.0,1.0,1.0,1.0,1.0,1.0,1.0,1.0,1.0,1.0,1.0,1.0
cross fuel tax X biofuel diesel X LULUCF sector,0.0,0.0,0.042,0.083,0.125,0.167,0.208,0.25,0.292,0.333,0.375,0.417,0.45849999999999996,0.5,0.5415,0.583,0.6248,0.6666,0.7084,0.7502,0.792,0.8336,0.8752,0.9168000000000001,0.9584,1.0,1.0,1.0,1.0,1.0,1.0,1.0,1.0,1.0,1.0,1.0,1.0,1.0,1.0,1.0,1.0,1.0,1.0,1.0,1.0,1.0,1.0,1.0,1.0,1.0,1.0,1.0,1.0,1.0,1.0,1.0,1.0,1.0,1.0,1.0,1.0,1.0,1.0,1.0,1.0,1.0,1.0,1.0,1.0,1.0,1.0,1.0,1.0,1.0,1.0,1.0
cross fuel tax X biofuel diesel X geoengineering sector,0.0,0.0,0.042,0.083,0.125,0.167,0.208,0.25,0.292,0.333,0.375,0.417,0.45849999999999996,0.5,0.5415,0.583,0.6248,0.6666,0.7084,0.7502,0.792,0.8336,0.8752,0.9168000000000001,0.9584,1.0,1.0,1.0,1.0,1.0,1.0,1.0,1.0,1.0,1.0,1.0,1.0,1.0,1.0,1.0,1.0,1.0,1.0,1.0,1.0,1.0,1.0,1.0,1.0,1.0,1.0,1.0,1.0,1.0,1.0,1.0,1.0,1.0,1.0,1.0,1.0,1.0,1.0,1.0,1.0,1.0,1.0,1.0,1.0,1.0,1.0,1.0,1.0,1.0,1.0,1.0
cross fuel tax X jet fuel or kerosene X transportation sector,0.0,0.0,0.042,0.083,0.125,0.167,0.208,0.25,0.292,0.333,0.375,0.417,0.45849999999999996,0.5,0.5415,0.583,0.6248,0.6666,0.7084,0.7502,0.792,0.8336,0.8752,0.9168000000000001,0.9584,1.0,1.0,1.0,1.0,1.0,1.0,1.0,1.0,1.0,1.0,1.0,1.0,1.0,1.0,1.0,1.0,1.0,1.0,1.0,1.0,1.0,1.0,1.0,1.0,1.0,1.0,1.0,1.0,1.0,1.0,1.0,1.0,1.0,1.0,1.0,1.0,1.0,1.0,1.0,1.0,1.0,1.0,1.0,1.0,1.0,1.0,1.0,1.0,1.0,1.0,1.0
cross fuel tax X jet fuel or kerosene X electricity sector,0.0,0.0,0.042,0.083,0.125,0.167,0.208,0.25,0.292,0.333,0.375,0.417,0.45849999999999996,0.5,0.5415,0.583,0.6248,0.6666,0.7084,0.7502,0.792,0.8336,0.8752,0.9168000000000001,0.9584,1.0,1.0,1.0,1.0,1.0,1.0,1.0,1.0,1.0,1.0,1.0,1.0,1.0,1.0,1.0,1.0,1.0,1.0,1.0,1.0,1.0,1.0,1.0,1.0,1.0,1.0,1.0,1.0,1.0,1.0,1.0,1.0,1.0,1.0,1.0,1.0,1.0,1.0,1.0,1.0,1.0,1.0,1.0,1.0,1.0,1.0,1.0,1.0,1.0,1.0,1.0
cross fuel tax X jet fuel or kerosene X residential buildings sector,0.0,0.0,0.042,0.083,0.125,0.167,0.208,0.25,0.292,0.333,0.375,0.417,0.45849999999999996,0.5,0.5415,0.583,0.6248,0.6666,0.7084,0.7502,0.792,0.8336,0.8752,0.9168000000000001,0.9584,1.0,1.0,1.0,1.0,1.0,1.0,1.0,1.0,1.0,1.0,1.0,1.0,1.0,1.0,1.0,1.0,1.0,1.0,1.0,1.0,1.0,1.0,1.0,1.0,1.0,1.0,1.0,1.0,1.0,1.0,1.0,1.0,1.0,1.0,1.0,1.0,1.0,1.0,1.0,1.0,1.0,1.0,1.0,1.0,1.0,1.0,1.0,1.0,1.0,1.0,1.0
cross fuel tax X jet fuel or kerosene X commercial buildings sector,0.0,0.0,0.042,0.083,0.125,0.167,0.208,0.25,0.292,0.333,0.375,0.417,0.45849999999999996,0.5,0.5415,0.583,0.6248,0.6666,0.7084,0.7502,0.792,0.8336,0.8752,0.9168000000000001,0.9584,1.0,1.0,1.0,1.0,1.0,1.0,1.0,1.0,1.0,1.0,1.0,1.0,1.0,1.0,1.0,1.0,1.0,1.0,1.0,1.0,1.0,1.0,1.0,1.0,1.0,1.0,1.0,1.0,1.0,1.0,1.0,1.0,1.0,1.0,1.0,1.0,1.0,1.0,1.0,1.0,1.0,1.0,1.0,1.0,1.0,1.0,1.0,1.0,1.0,1.0,1.0
cross fuel tax X jet fuel or kerosene X industry sector,0.0,0.0,0.042,0.083,0.125,0.167,0.208,0.25,0.292,0.333,0.375,0.417,0.45849999999999996,0.5,0.5415,0.583,0.6248,0.6666,0.7084,0.7502,0.792,0.8336,0.8752,0.9168000000000001,0.9584,1.0,1.0,1.0,1.0,1.0,1.0,1.0,1.0,1.0,1.0,1.0,1.0,1.0,1.0,1.0,1.0,1.0,1.0,1.0,1.0,1.0,1.0,1.0,1.0,1.0,1.0,1.0,1.0,1.0,1.0,1.0,1.0,1.0,1.0,1.0,1.0,1.0,1.0,1.0,1.0,1.0,1.0,1.0,1.0,1.0,1.0,1.0,1.0,1.0,1.0,1.0
cross fuel tax X jet fuel or kerosene X district heat and hydrogen sector,0.0,0.0,0.042,0.083,0.125,0.167,0.208,0.25,0.292,0.333,0.375,0.417,0.45849999999999996,0.5,0.5415,0.583,0.6248,0.6666,0.7084,0.7502,0.792,0.8336,0.8752,0.9168000000000001,0.9584,1.0,1.0,1.0,1.0,1.0,1.0,1.0,1.0,1.0,1.0,1.0,1.0,1.0,1.0,1.0,1.0,1.0,1.0,1.0,1.0,1.0,1.0,1.0,1.0,1.0,1.0,1.0,1.0,1.0,1.0,1.0,1.0,1.0,1.0,1.0,1.0,1.0,1.0,1.0,1.0,1.0,1.0,1.0,1.0,1.0,1.0,1.0,1.0,1.0,1.0,1.0
cross fuel tax X jet fuel or kerosene X LULUCF sector,0.0,0.0,0.042,0.083,0.125,0.167,0.208,0.25,0.292,0.333,0.375,0.417,0.45849999999999996,0.5,0.5415,0.583,0.6248,0.6666,0.7084,0.7502,0.792,0.8336,0.8752,0.9168000000000001,0.9584,1.0,1.0,1.0,1.0,1.0,1.0,1.0,1.0,1.0,1.0,1.0,1.0,1.0,1.0,1.0,1.0,1.0,1.0,1.0,1.0,1.0,1.0,1.0,1.0,1.0,1.0,1.0,1.0,1.0,1.0,1.0,1.0,1.0,1.0,1.0,1.0,1.0,1.0,1.0,1.0,1.0,1.0,1.0,1.0,1.0,1.0,1.0,1.0,1.0,1.0,1.0
cross fuel tax X jet fuel or kerosene X geoengineering sector,0.0,0.0,0.042,0.083,0.125,0.167,0.208,0.25,0.292,0.333,0.375,0.417,0.45849999999999996,0.5,0.5415,0.583,0.6248,0.6666,0.7084,0.7502,0.792,0.8336,0.8752,0.9168000000000001,0.9584,1.0,1.0,1.0,1.0,1.0,1.0,1.0,1.0,1.0,1.0,1.0,1.0,1.0,1.0,1.0,1.0,1.0,1.0,1.0,1.0,1.0,1.0,1.0,1.0,1.0,1.0,1.0,1.0,1.0,1.0,1.0,1.0,1.0,1.0,1.0,1.0,1.0,1.0,1.0,1.0,1.0,1.0,1.0,1.0,1.0,1.0,1.0,1.0,1.0,1.0,1.0
cross fuel tax X heat X transportation sector,0.0,0.0,0.042,0.083,0.125,0.167,0.208,0.25,0.292,0.333,0.375,0.417,0.45849999999999996,0.5,0.5415,0.583,0.6248,0.6666,0.7084,0.7502,0.792,0.8336,0.8752,0.9168000000000001,0.9584,1.0,1.0,1.0,1.0,1.0,1.0,1.0,1.0,1.0,1.0,1.0,1.0,1.0,1.0,1.0,1.0,1.0,1.0,1.0,1.0,1.0,1.0,1.0,1.0,1.0,1.0,1.0,1.0,1.0,1.0,1.0,1.0,1.0,1.0,1.0,1.0,1.0,1.0,1.0,1.0,1.0,1.0,1.0,1.0,1.0,1.0,1.0,1.0,1.0,1.0,1.0
cross fuel tax X heat X electricity sector,0.0,0.0,0.042,0.083,0.125,0.167,0.208,0.25,0.292,0.333,0.375,0.417,0.45849999999999996,0.5,0.5415,0.583,0.6248,0.6666,0.7084,0.7502,0.792,0.8336,0.8752,0.9168000000000001,0.9584,1.0,1.0,1.0,1.0,1.0,1.0,1.0,1.0,1.0,1.0,1.0,1.0,1.0,1.0,1.0,1.0,1.0,1.0,1.0,1.0,1.0,1.0,1.0,1.0,1.0,1.0,1.0,1.0,1.0,1.0,1.0,1.0,1.0,1.0,1.0,1.0,1.0,1.0,1.0,1.0,1.0,1.0,1.0,1.0,1.0,1.0,1.0,1.0,1.0,1.0,1.0
cross fuel tax X heat X residential buildings sector,0.0,0.0,0.042,0.083,0.125,0.167,0.208,0.25,0.292,0.333,0.375,0.417,0.45849999999999996,0.5,0.5415,0.583,0.6248,0.6666,0.7084,0.7502,0.792,0.8336,0.8752,0.9168000000000001,0.9584,1.0,1.0,1.0,1.0,1.0,1.0,1.0,1.0,1.0,1.0,1.0,1.0,1.0,1.0,1.0,1.0,1.0,1.0,1.0,1.0,1.0,1.0,1.0,1.0,1.0,1.0,1.0,1.0,1.0,1.0,1.0,1.0,1.0,1.0,1.0,1.0,1.0,1.0,1.0,1.0,1.0,1.0,1.0,1.0,1.0,1.0,1.0,1.0,1.0,1.0,1.0
cross fuel tax X heat X commercial buildings sector,0.0,0.0,0.042,0.083,0.125,0.167,0.208,0.25,0.292,0.333,0.375,0.417,0.45849999999999996,0.5,0.5415,0.583,0.6248,0.6666,0.7084,0.7502,0.792,0.8336,0.8752,0.9168000000000001,0.9584,1.0,1.0,1.0,1.0,1.0,1.0,1.0,1.0,1.0,1.0,1.0,1.0,1.0,1.0,1.0,1.0,1.0,1.0,1.0,1.0,1.0,1.0,1.0,1.0,1.0,1.0,1.0,1.0,1.0,1.0,1.0,1.0,1.0,1.0,1.0,1.0,1.0,1.0,1.0,1.0,1.0,1.0,1.0,1.0,1.0,1.0,1.0,1.0,1.0,1.0,1.0
cross fuel tax X heat X industry sector,0.0,0.0,0.042,0.083,0.125,0.167,0.208,0.25,0.292,0.333,0.375,0.417,0.45849999999999996,0.5,0.5415,0.583,0.6248,0.6666,0.7084,0.7502,0.792,0.8336,0.8752,0.9168000000000001,0.9584,1.0,1.0,1.0,1.0,1.0,1.0,1.0,1.0,1.0,1.0,1.0,1.0,1.0,1.0,1.0,1.0,1.0,1.0,1.0,1.0,1.0,1.0,1.0,1.0,1.0,1.0,1.0,1.0,1.0,1.0,1.0,1.0,1.0,1.0,1.0,1.0,1.0,1.0,1.0,1.0,1.0,1.0,1.0,1.0,1.0,1.0,1.0,1.0,1.0,1.0,1.0
cross fuel tax X heat X district heat and hydrogen sector,0.0,0.0,0.042,0.083,0.125,0.167,0.208,0.25,0.292,0.333,0.375,0.417,0.45849999999999996,0.5,0.5415,0.583,0.6248,0.6666,0.7084,0.7502,0.792,0.8336,0.8752,0.9168000000000001,0.9584,1.0,1.0,1.0,1.0,1.0,1.0,1.0,1.0,1.0,1.0,1.0,1.0,1.0,1.0,1.0,1.0,1.0,1.0,1.0,1.0,1.0,1.0,1.0,1.0,1.0,1.0,1.0,1.0,1.0,1.0,1.0,1.0,1.0,1.0,1.0,1.0,1.0,1.0,1.0,1.0,1.0,1.0,1.0,1.0,1.0,1.0,1.0,1.0,1.0,1.0,1.0
cross fuel tax X heat X LULUCF sector,0.0,0.0,0.042,0.083,0.125,0.167,0.208,0.25,0.292,0.333,0.375,0.417,0.45849999999999996,0.5,0.5415,0.583,0.6248,0.6666,0.7084,0.7502,0.792,0.8336,0.8752,0.9168000000000001,0.9584,1.0,1.0,1.0,1.0,1.0,1.0,1.0,1.0,1.0,1.0,1.0,1.0,1.0,1.0,1.0,1.0,1.0,1.0,1.0,1.0,1.0,1.0,1.0,1.0,1.0,1.0,1.0,1.0,1.0,1.0,1.0,1.0,1.0,1.0,1.0,1.0,1.0,1.0,1.0,1.0,1.0,1.0,1.0,1.0,1.0,1.0,1.0,1.0,1.0,1.0,1.0
cross fuel tax X heat X geoengineering sector,0.0,0.0,0.042,0.083,0.125,0.167,0.208,0.25,0.292,0.333,0.375,0.417,0.45849999999999996,0.5,0.5415,0.583,0.6248,0.6666,0.7084,0.7502,0.792,0.8336,0.8752,0.9168000000000001,0.9584,1.0,1.0,1.0,1.0,1.0,1.0,1.0,1.0,1.0,1.0,1.0,1.0,1.0,1.0,1.0,1.0,1.0,1.0,1.0,1.0,1.0,1.0,1.0,1.0,1.0,1.0,1.0,1.0,1.0,1.0,1.0,1.0,1.0,1.0,1.0,1.0,1.0,1.0,1.0,1.0,1.0,1.0,1.0,1.0,1.0,1.0,1.0,1.0,1.0,1.0,1.0
cross fuel tax X geothermal X transportation sector,0.0,0.0,0.042,0.083,0.125,0.167,0.208,0.25,0.292,0.333,0.375,0.417,0.45849999999999996,0.5,0.5415,0.583,0.6248,0.6666,0.7084,0.7502,0.792,0.8336,0.8752,0.9168000000000001,0.9584,1.0,1.0,1.0,1.0,1.0,1.0,1.0,1.0,1.0,1.0,1.0,1.0,1.0,1.0,1.0,1.0,1.0,1.0,1.0,1.0,1.0,1.0,1.0,1.0,1.0,1.0,1.0,1.0,1.0,1.0,1.0,1.0,1.0,1.0,1.0,1.0,1.0,1.0,1.0,1.0,1.0,1.0,1.0,1.0,1.0,1.0,1.0,1.0,1.0,1.0,1.0
cross fuel tax X geothermal X electricity sector,0.0,0.0,0.042,0.083,0.125,0.167,0.208,0.25,0.292,0.333,0.375,0.417,0.45849999999999996,0.5,0.5415,0.583,0.6248,0.6666,0.7084,0.7502,0.792,0.8336,0.8752,0.9168000000000001,0.9584,1.0,1.0,1.0,1.0,1.0,1.0,1.0,1.0,1.0,1.0,1.0,1.0,1.0,1.0,1.0,1.0,1.0,1.0,1.0,1.0,1.0,1.0,1.0,1.0,1.0,1.0,1.0,1.0,1.0,1.0,1.0,1.0,1.0,1.0,1.0,1.0,1.0,1.0,1.0,1.0,1.0,1.0,1.0,1.0,1.0,1.0,1.0,1.0,1.0,1.0,1.0
cross fuel tax X geothermal X residential buildings sector,0.0,0.0,0.042,0.083,0.125,0.167,0.208,0.25,0.292,0.333,0.375,0.417,0.45849999999999996,0.5,0.5415,0.583,0.6248,0.6666,0.7084,0.7502,0.792,0.8336,0.8752,0.9168000000000001,0.9584,1.0,1.0,1.0,1.0,1.0,1.0,1.0,1.0,1.0,1.0,1.0,1.0,1.0,1.0,1.0,1.0,1.0,1.0,1.0,1.0,1.0,1.0,1.0,1.0,1.0,1.0,1.0,1.0,1.0,1.0,1.0,1.0,1.0,1.0,1.0,1.0,1.0,1.0,1.0,1.0,1.0,1.0,1.0,1.0,1.0,1.0,1.0,1.0,1.0,1.0,1.0
cross fuel tax X geothermal X commercial buildings sector,0.0,0.0,0.042,0.083,0.125,0.167,0.208,0.25,0.292,0.333,0.375,0.417,0.45849999999999996,0.5,0.5415,0.583,0.6248,0.6666,0.7084,0.7502,0.792,0.8336,0.8752,0.9168000000000001,0.9584,1.0,1.0,1.0,1.0,1.0,1.0,1.0,1.0,1.0,1.0,1.0,1.0,1.0,1.0,1.0,1.0,1.0,1.0,1.0,1.0,1.0,1.0,1.0,1.0,1.0,1.0,1.0,1.0,1.0,1.0,1.0,1.0,1.0,1.0,1.0,1.0,1.0,1.0,1.0,1.0,1.0,1.0,1.0,1.0,1.0,1.0,1.0,1.0,1.0,1.0,1.0
cross fuel tax X geothermal X industry sector,0.0,0.0,0.042,0.083,0.125,0.167,0.208,0.25,0.292,0.333,0.375,0.417,0.45849999999999996,0.5,0.5415,0.583,0.6248,0.6666,0.7084,0.7502,0.792,0.8336,0.8752,0.9168000000000001,0.9584,1.0,1.0,1.0,1.0,1.0,1.0,1.0,1.0,1.0,1.0,1.0,1.0,1.0,1.0,1.0,1.0,1.0,1.0,1.0,1.0,1.0,1.0,1.0,1.0,1.0,1.0,1.0,1.0,1.0,1.0,1.0,1.0,1.0,1.0,1.0,1.0,1.0,1.0,1.0,1.0,1.0,1.0,1.0,1.0,1.0,1.0,1.0,1.0,1.0,1.0,1.0
cross fuel tax X geothermal X district heat and hydrogen sector,0.0,0.0,0.042,0.083,0.125,0.167,0.208,0.25,0.292,0.333,0.375,0.417,0.45849999999999996,0.5,0.5415,0.583,0.6248,0.6666,0.7084,0.7502,0.792,0.8336,0.8752,0.9168000000000001,0.9584,1.0,1.0,1.0,1.0,1.0,1.0,1.0,1.0,1.0,1.0,1.0,1.0,1.0,1.0,1.0,1.0,1.0,1.0,1.0,1.0,1.0,1.0,1.0,1.0,1.0,1.0,1.0,1.0,1.0,1.0,1.0,1.0,1.0,1.0,1.0,1.0,1.0,1.0,1.0,1.0,1.0,1.0,1.0,1.0,1.0,1.0,1.0,1.0,1.0,1.0,1.0
cross fuel tax X geothermal X LULUCF sector,0.0,0.0,0.042,0.083,0.125,0.167,0.208,0.25,0.292,0.333,0.375,0.417,0.45849999999999996,0.5,0.5415,0.583,0.6248,0.6666,0.7084,0.7502,0.792,0.8336,0.8752,0.9168000000000001,0.9584,1.0,1.0,1.0,1.0,1.0,1.0,1.0,1.0,1.0,1.0,1.0,1.0,1.0,1.0,1.0,1.0,1.0,1.0,1.0,1.0,1.0,1.0,1.0,1.0,1.0,1.0,1.0,1.0,1.0,1.0,1.0,1.0,1.0,1.0,1.0,1.0,1.0,1.0,1.0,1.0,1.0,1.0,1.0,1.0,1.0,1.0,1.0,1.0,1.0,1.0,1.0
cross fuel tax X geothermal X geoengineering sector,0.0,0.0,0.042,0.083,0.125,0.167,0.208,0.25,0.292,0.333,0.375,0.417,0.45849999999999996,0.5,0.5415,0.583,0.6248,0.6666,0.7084,0.7502,0.792,0.8336,0.8752,0.9168000000000001,0.9584,1.0,1.0,1.0,1.0,1.0,1.0,1.0,1.0,1.0,1.0,1.0,1.0,1.0,1.0,1.0,1.0,1.0,1.0,1.0,1.0,1.0,1.0,1.0,1.0,1.0,1.0,1.0,1.0,1.0,1.0,1.0,1.0,1.0,1.0,1.0,1.0,1.0,1.0,1.0,1.0,1.0,1.0,1.0,1.0,1.0,1.0,1.0,1.0,1.0,1.0,1.0
cross fuel tax X lignite X transportation sector,0.0,0.0,0.042,0.083,0.125,0.167,0.208,0.25,0.292,0.333,0.375,0.417,0.45849999999999996,0.5,0.5415,0.583,0.6248,0.6666,0.7084,0.7502,0.792,0.8336,0.8752,0.9168000000000001,0.9584,1.0,1.0,1.0,1.0,1.0,1.0,1.0,1.0,1.0,1.0,1.0,1.0,1.0,1.0,1.0,1.0,1.0,1.0,1.0,1.0,1.0,1.0,1.0,1.0,1.0,1.0,1.0,1.0,1.0,1.0,1.0,1.0,1.0,1.0,1.0,1.0,1.0,1.0,1.0,1.0,1.0,1.0,1.0,1.0,1.0,1.0,1.0,1.0,1.0,1.0,1.0
cross fuel tax X lignite X electricity sector,0.0,0.0,0.042,0.083,0.125,0.167,0.208,0.25,0.292,0.333,0.375,0.417,0.45849999999999996,0.5,0.5415,0.583,0.6248,0.6666,0.7084,0.7502,0.792,0.8336,0.8752,0.9168000000000001,0.9584,1.0,1.0,1.0,1.0,1.0,1.0,1.0,1.0,1.0,1.0,1.0,1.0,1.0,1.0,1.0,1.0,1.0,1.0,1.0,1.0,1.0,1.0,1.0,1.0,1.0,1.0,1.0,1.0,1.0,1.0,1.0,1.0,1.0,1.0,1.0,1.0,1.0,1.0,1.0,1.0,1.0,1.0,1.0,1.0,1.0,1.0,1.0,1.0,1.0,1.0,1.0
cross fuel tax X lignite X residential buildings sector,0.0,0.0,0.042,0.083,0.125,0.167,0.208,0.25,0.292,0.333,0.375,0.417,0.45849999999999996,0.5,0.5415,0.583,0.6248,0.6666,0.7084,0.7502,0.792,0.8336,0.8752,0.9168000000000001,0.9584,1.0,1.0,1.0,1.0,1.0,1.0,1.0,1.0,1.0,1.0,1.0,1.0,1.0,1.0,1.0,1.0,1.0,1.0,1.0,1.0,1.0,1.0,1.0,1.0,1.0,1.0,1.0,1.0,1.0,1.0,1.0,1.0,1.0,1.0,1.0,1.0,1.0,1.0,1.0,1.0,1.0,1.0,1.0,1.0,1.0,1.0,1.0,1.0,1.0,1.0,1.0
cross fuel tax X lignite X commercial buildings sector,0.0,0.0,0.042,0.083,0.125,0.167,0.208,0.25,0.292,0.333,0.375,0.417,0.45849999999999996,0.5,0.5415,0.583,0.6248,0.6666,0.7084,0.7502,0.792,0.8336,0.8752,0.9168000000000001,0.9584,1.0,1.0,1.0,1.0,1.0,1.0,1.0,1.0,1.0,1.0,1.0,1.0,1.0,1.0,1.0,1.0,1.0,1.0,1.0,1.0,1.0,1.0,1.0,1.0,1.0,1.0,1.0,1.0,1.0,1.0,1.0,1.0,1.0,1.0,1.0,1.0,1.0,1.0,1.0,1.0,1.0,1.0,1.0,1.0,1.0,1.0,1.0,1.0,1.0,1.0,1.0
cross fuel tax X lignite X industry sector,0.0,0.0,0.042,0.083,0.125,0.167,0.208,0.25,0.292,0.333,0.375,0.417,0.45849999999999996,0.5,0.5415,0.583,0.6248,0.6666,0.7084,0.7502,0.792,0.8336,0.8752,0.9168000000000001,0.9584,1.0,1.0,1.0,1.0,1.0,1.0,1.0,1.0,1.0,1.0,1.0,1.0,1.0,1.0,1.0,1.0,1.0,1.0,1.0,1.0,1.0,1.0,1.0,1.0,1.0,1.0,1.0,1.0,1.0,1.0,1.0,1.0,1.0,1.0,1.0,1.0,1.0,1.0,1.0,1.0,1.0,1.0,1.0,1.0,1.0,1.0,1.0,1.0,1.0,1.0,1.0
cross fuel tax X lignite X district heat and hydrogen sector,0.0,0.0,0.042,0.083,0.125,0.167,0.208,0.25,0.292,0.333,0.375,0.417,0.45849999999999996,0.5,0.5415,0.583,0.6248,0.6666,0.7084,0.7502,0.792,0.8336,0.8752,0.9168000000000001,0.9584,1.0,1.0,1.0,1.0,1.0,1.0,1.0,1.0,1.0,1.0,1.0,1.0,1.0,1.0,1.0,1.0,1.0,1.0,1.0,1.0,1.0,1.0,1.0,1.0,1.0,1.0,1.0,1.0,1.0,1.0,1.0,1.0,1.0,1.0,1.0,1.0,1.0,1.0,1.0,1.0,1.0,1.0,1.0,1.0,1.0,1.0,1.0,1.0,1.0,1.0,1.0
cross fuel tax X lignite X LULUCF sector,0.0,0.0,0.042,0.083,0.125,0.167,0.208,0.25,0.292,0.333,0.375,0.417,0.45849999999999996,0.5,0.5415,0.583,0.6248,0.6666,0.7084,0.7502,0.792,0.8336,0.8752,0.9168000000000001,0.9584,1.0,1.0,1.0,1.0,1.0,1.0,1.0,1.0,1.0,1.0,1.0,1.0,1.0,1.0,1.0,1.0,1.0,1.0,1.0,1.0,1.0,1.0,1.0,1.0,1.0,1.0,1.0,1.0,1.0,1.0,1.0,1.0,1.0,1.0,1.0,1.0,1.0,1.0,1.0,1.0,1.0,1.0,1.0,1.0,1.0,1.0,1.0,1.0,1.0,1.0,1.0
cross fuel tax X lignite X geoengineering sector,0.0,0.0,0.042,0.083,0.125,0.167,0.208,0.25,0.292,0.333,0.375,0.417,0.45849999999999996,0.5,0.5415,0.583,0.6248,0.6666,0.7084,0.7502,0.792,0.8336,0.8752,0.9168000000000001,0.9584,1.0,1.0,1.0,1.0,1.0,1.0,1.0,1.0,1.0,1.0,1.0,1.0,1.0,1.0,1.0,1.0,1.0,1.0,1.0,1.0,1.0,1.0,1.0,1.0,1.0,1.0,1.0,1.0,1.0,1.0,1.0,1.0,1.0,1.0,1.0,1.0,1.0,1.0,1.0,1.0,1.0,1.0,1.0,1.0,1.0,1.0,1.0,1.0,1.0,1.0,1.0
cross fuel tax X crude oil X transportation sector,0.0,0.0,0.042,0.083,0.125,0.167,0.208,0.25,0.292,0.333,0.375,0.417,0.45849999999999996,0.5,0.5415,0.583,0.6248,0.6666,0.7084,0.7502,0.792,0.8336,0.8752,0.9168000000000001,0.9584,1.0,1.0,1.0,1.0,1.0,1.0,1.0,1.0,1.0,1.0,1.0,1.0,1.0,1.0,1.0,1.0,1.0,1.0,1.0,1.0,1.0,1.0,1.0,1.0,1.0,1.0,1.0,1.0,1.0,1.0,1.0,1.0,1.0,1.0,1.0,1.0,1.0,1.0,1.0,1.0,1.0,1.0,1.0,1.0,1.0,1.0,1.0,1.0,1.0,1.0,1.0
cross fuel tax X crude oil X electricity sector,0.0,0.0,0.042,0.083,0.125,0.167,0.208,0.25,0.292,0.333,0.375,0.417,0.45849999999999996,0.5,0.5415,0.583,0.6248,0.6666,0.7084,0.7502,0.792,0.8336,0.8752,0.9168000000000001,0.9584,1.0,1.0,1.0,1.0,1.0,1.0,1.0,1.0,1.0,1.0,1.0,1.0,1.0,1.0,1.0,1.0,1.0,1.0,1.0,1.0,1.0,1.0,1.0,1.0,1.0,1.0,1.0,1.0,1.0,1.0,1.0,1.0,1.0,1.0,1.0,1.0,1.0,1.0,1.0,1.0,1.0,1.0,1.0,1.0,1.0,1.0,1.0,1.0,1.0,1.0,1.0
cross fuel tax X crude oil X residential buildings sector,0.0,0.0,0.042,0.083,0.125,0.167,0.208,0.25,0.292,0.333,0.375,0.417,0.45849999999999996,0.5,0.5415,0.583,0.6248,0.6666,0.7084,0.7502,0.792,0.8336,0.8752,0.9168000000000001,0.9584,1.0,1.0,1.0,1.0,1.0,1.0,1.0,1.0,1.0,1.0,1.0,1.0,1.0,1.0,1.0,1.0,1.0,1.0,1.0,1.0,1.0,1.0,1.0,1.0,1.0,1.0,1.0,1.0,1.0,1.0,1.0,1.0,1.0,1.0,1.0,1.0,1.0,1.0,1.0,1.0,1.0,1.0,1.0,1.0,1.0,1.0,1.0,1.0,1.0,1.0,1.0
cross fuel tax X crude oil X commercial buildings sector,0.0,0.0,0.042,0.083,0.125,0.167,0.208,0.25,0.292,0.333,0.375,0.417,0.45849999999999996,0.5,0.5415,0.583,0.6248,0.6666,0.7084,0.7502,0.792,0.8336,0.8752,0.9168000000000001,0.9584,1.0,1.0,1.0,1.0,1.0,1.0,1.0,1.0,1.0,1.0,1.0,1.0,1.0,1.0,1.0,1.0,1.0,1.0,1.0,1.0,1.0,1.0,1.0,1.0,1.0,1.0,1.0,1.0,1.0,1.0,1.0,1.0,1.0,1.0,1.0,1.0,1.0,1.0,1.0,1.0,1.0,1.0,1.0,1.0,1.0,1.0,1.0,1.0,1.0,1.0,1.0
cross fuel tax X crude oil X industry sector,0.0,0.0,0.042,0.083,0.125,0.167,0.208,0.25,0.292,0.333,0.375,0.417,0.45849999999999996,0.5,0.5415,0.583,0.6248,0.6666,0.7084,0.7502,0.792,0.8336,0.8752,0.9168000000000001,0.9584,1.0,1.0,1.0,1.0,1.0,1.0,1.0,1.0,1.0,1.0,1.0,1.0,1.0,1.0,1.0,1.0,1.0,1.0,1.0,1.0,1.0,1.0,1.0,1.0,1.0,1.0,1.0,1.0,1.0,1.0,1.0,1.0,1.0,1.0,1.0,1.0,1.0,1.0,1.0,1.0,1.0,1.0,1.0,1.0,1.0,1.0,1.0,1.0,1.0,1.0,1.0
cross fuel tax X crude oil X district heat and hydrogen sector,0.0,0.0,0.042,0.083,0.125,0.167,0.208,0.25,0.292,0.333,0.375,0.417,0.45849999999999996,0.5,0.5415,0.583,0.6248,0.6666,0.7084,0.7502,0.792,0.8336,0.8752,0.9168000000000001,0.9584,1.0,1.0,1.0,1.0,1.0,1.0,1.0,1.0,1.0,1.0,1.0,1.0,1.0,1.0,1.0,1.0,1.0,1.0,1.0,1.0,1.0,1.0,1.0,1.0,1.0,1.0,1.0,1.0,1.0,1.0,1.0,1.0,1.0,1.0,1.0,1.0,1.0,1.0,1.0,1.0,1.0,1.0,1.0,1.0,1.0,1.0,1.0,1.0,1.0,1.0,1.0
cross fuel tax X crude oil X LULUCF sector,0.0,0.0,0.042,0.083,0.125,0.167,0.208,0.25,0.292,0.333,0.375,0.417,0.45849999999999996,0.5,0.5415,0.583,0.6248,0.6666,0.7084,0.7502,0.792,0.8336,0.8752,0.9168000000000001,0.9584,1.0,1.0,1.0,1.0,1.0,1.0,1.0,1.0,1.0,1.0,1.0,1.0,1.0,1.0,1.0,1.0,1.0,1.0,1.0,1.0,1.0,1.0,1.0,1.0,1.0,1.0,1.0,1.0,1.0,1.0,1.0,1.0,1.0,1.0,1.0,1.0,1.0,1.0,1.0,1.0,1.0,1.0,1.0,1.0,1.0,1.0,1.0,1.0,1.0,1.0,1.0
cross fuel tax X crude oil X geoengineering sector,0.0,0.0,0.042,0.083,0.125,0.167,0.208,0.25,0.292,0.333,0.375,0.417,0.45849999999999996,0.5,0.5415,0.583,0.6248,0.6666,0.7084,0.7502,0.792,0.8336,0.8752,0.9168000000000001,0.9584,1.0,1.0,1.0,1.0,1.0,1.0,1.0,1.0,1.0,1.0,1.0,1.0,1.0,1.0,1.0,1.0,1.0,1.0,1.0,1.0,1.0,1.0,1.0,1.0,1.0,1.0,1.0,1.0,1.0,1.0,1.0,1.0,1.0,1.0,1.0,1.0,1.0,1.0,1.0,1.0,1.0,1.0,1.0,1.0,1.0,1.0,1.0,1.0,1.0,1.0,1.0
cross fuel tax X heavy or residual fuel oil X transportation sector,0.0,0.0,0.042,0.083,0.125,0.167,0.208,0.25,0.292,0.333,0.375,0.417,0.45849999999999996,0.5,0.5415,0.583,0.6248,0.6666,0.7084,0.7502,0.792,0.8336,0.8752,0.9168000000000001,0.9584,1.0,1.0,1.0,1.0,1.0,1.0,1.0,1.0,1.0,1.0,1.0,1.0,1.0,1.0,1.0,1.0,1.0,1.0,1.0,1.0,1.0,1.0,1.0,1.0,1.0,1.0,1.0,1.0,1.0,1.0,1.0,1.0,1.0,1.0,1.0,1.0,1.0,1.0,1.0,1.0,1.0,1.0,1.0,1.0,1.0,1.0,1.0,1.0,1.0,1.0,1.0
cross fuel tax X heavy or residual fuel oil X electricity sector,0.0,0.0,0.042,0.083,0.125,0.167,0.208,0.25,0.292,0.333,0.375,0.417,0.45849999999999996,0.5,0.5415,0.583,0.6248,0.6666,0.7084,0.7502,0.792,0.8336,0.8752,0.9168000000000001,0.9584,1.0,1.0,1.0,1.0,1.0,1.0,1.0,1.0,1.0,1.0,1.0,1.0,1.0,1.0,1.0,1.0,1.0,1.0,1.0,1.0,1.0,1.0,1.0,1.0,1.0,1.0,1.0,1.0,1.0,1.0,1.0,1.0,1.0,1.0,1.0,1.0,1.0,1.0,1.0,1.0,1.0,1.0,1.0,1.0,1.0,1.0,1.0,1.0,1.0,1.0,1.0
cross fuel tax X heavy or residual fuel oil X residential buildings sector,0.0,0.0,0.042,0.083,0.125,0.167,0.208,0.25,0.292,0.333,0.375,0.417,0.45849999999999996,0.5,0.5415,0.583,0.6248,0.6666,0.7084,0.7502,0.792,0.8336,0.8752,0.9168000000000001,0.9584,1.0,1.0,1.0,1.0,1.0,1.0,1.0,1.0,1.0,1.0,1.0,1.0,1.0,1.0,1.0,1.0,1.0,1.0,1.0,1.0,1.0,1.0,1.0,1.0,1.0,1.0,1.0,1.0,1.0,1.0,1.0,1.0,1.0,1.0,1.0,1.0,1.0,1.0,1.0,1.0,1.0,1.0,1.0,1.0,1.0,1.0,1.0,1.0,1.0,1.0,1.0
cross fuel tax X heavy or residual fuel oil X commercial buildings sector,0.0,0.0,0.042,0.083,0.125,0.167,0.208,0.25,0.292,0.333,0.375,0.417,0.45849999999999996,0.5,0.5415,0.583,0.6248,0.6666,0.7084,0.7502,0.792,0.8336,0.8752,0.9168000000000001,0.9584,1.0,1.0,1.0,1.0,1.0,1.0,1.0,1.0,1.0,1.0,1.0,1.0,1.0,1.0,1.0,1.0,1.0,1.0,1.0,1.0,1.0,1.0,1.0,1.0,1.0,1.0,1.0,1.0,1.0,1.0,1.0,1.0,1.0,1.0,1.0,1.0,1.0,1.0,1.0,1.0,1.0,1.0,1.0,1.0,1.0,1.0,1.0,1.0,1.0,1.0,1.0
cross fuel tax X heavy or residual fuel oil X industry sector,0.0,0.0,0.042,0.083,0.125,0.167,0.208,0.25,0.292,0.333,0.375,0.417,0.45849999999999996,0.5,0.5415,0.583,0.6248,0.6666,0.7084,0.7502,0.792,0.8336,0.8752,0.9168000000000001,0.9584,1.0,1.0,1.0,1.0,1.0,1.0,1.0,1.0,1.0,1.0,1.0,1.0,1.0,1.0,1.0,1.0,1.0,1.0,1.0,1.0,1.0,1.0,1.0,1.0,1.0,1.0,1.0,1.0,1.0,1.0,1.0,1.0,1.0,1.0,1.0,1.0,1.0,1.0,1.0,1.0,1.0,1.0,1.0,1.0,1.0,1.0,1.0,1.0,1.0,1.0,1.0
cross fuel tax X heavy or residual fuel oil X district heat and hydrogen sector,0.0,0.0,0.042,0.083,0.125,0.167,0.208,0.25,0.292,0.333,0.375,0.417,0.45849999999999996,0.5,0.5415,0.583,0.6248,0.6666,0.7084,0.7502,0.792,0.8336,0.8752,0.9168000000000001,0.9584,1.0,1.0,1.0,1.0,1.0,1.0,1.0,1.0,1.0,1.0,1.0,1.0,1.0,1.0,1.0,1.0,1.0,1.0,1.0,1.0,1.0,1.0,1.0,1.0,1.0,1.0,1.0,1.0,1.0,1.0,1.0,1.0,1.0,1.0,1.0,1.0,1.0,1.0,1.0,1.0,1.0,1.0,1.0,1.0,1.0,1.0,1.0,1.0,1.0,1.0,1.0
cross fuel tax X heavy or residual fuel oil X LULUCF sector,0.0,0.0,0.042,0.083,0.125,0.167,0.208,0.25,0.292,0.333,0.375,0.417,0.45849999999999996,0.5,0.5415,0.583,0.6248,0.6666,0.7084,0.7502,0.792,0.8336,0.8752,0.9168000000000001,0.9584,1.0,1.0,1.0,1.0,1.0,1.0,1.0,1.0,1.0,1.0,1.0,1.0,1.0,1.0,1.0,1.0,1.0,1.0,1.0,1.0,1.0,1.0,1.0,1.0,1.0,1.0,1.0,1.0,1.0,1.0,1.0,1.0,1.0,1.0,1.0,1.0,1.0,1.0,1.0,1.0,1.0,1.0,1.0,1.0,1.0,1.0,1.0,1.0,1.0,1.0,1.0
cross fuel tax X heavy or residual fuel oil X geoengineering sector,0.0,0.0,0.042,0.083,0.125,0.167,0.208,0.25,0.292,0.333,0.375,0.417,0.45849999999999996,0.5,0.5415,0.583,0.6248,0.6666,0.7084,0.7502,0.792,0.8336,0.8752,0.9168000000000001,0.9584,1.0,1.0,1.0,1.0,1.0,1.0,1.0,1.0,1.0,1.0,1.0,1.0,1.0,1.0,1.0,1.0,1.0,1.0,1.0,1.0,1.0,1.0,1.0,1.0,1.0,1.0,1.0,1.0,1.0,1.0,1.0,1.0,1.0,1.0,1.0,1.0,1.0,1.0,1.0,1.0,1.0,1.0,1.0,1.0,1.0,1.0,1.0,1.0,1.0,1.0,1.0
cross fuel tax X LPG propane or butane X transportation sector,0.0,0.0,0.042,0.083,0.125,0.167,0.208,0.25,0.292,0.333,0.375,0.417,0.45849999999999996,0.5,0.5415,0.583,0.6248,0.6666,0.7084,0.7502,0.792,0.8336,0.8752,0.9168000000000001,0.9584,1.0,1.0,1.0,1.0,1.0,1.0,1.0,1.0,1.0,1.0,1.0,1.0,1.0,1.0,1.0,1.0,1.0,1.0,1.0,1.0,1.0,1.0,1.0,1.0,1.0,1.0,1.0,1.0,1.0,1.0,1.0,1.0,1.0,1.0,1.0,1.0,1.0,1.0,1.0,1.0,1.0,1.0,1.0,1.0,1.0,1.0,1.0,1.0,1.0,1.0,1.0
cross fuel tax X LPG propane or butane X electricity sector,0.0,0.0,0.042,0.083,0.125,0.167,0.208,0.25,0.292,0.333,0.375,0.417,0.45849999999999996,0.5,0.5415,0.583,0.6248,0.6666,0.7084,0.7502,0.792,0.8336,0.8752,0.9168000000000001,0.9584,1.0,1.0,1.0,1.0,1.0,1.0,1.0,1.0,1.0,1.0,1.0,1.0,1.0,1.0,1.0,1.0,1.0,1.0,1.0,1.0,1.0,1.0,1.0,1.0,1.0,1.0,1.0,1.0,1.0,1.0,1.0,1.0,1.0,1.0,1.0,1.0,1.0,1.0,1.0,1.0,1.0,1.0,1.0,1.0,1.0,1.0,1.0,1.0,1.0,1.0,1.0
cross fuel tax X LPG propane or butane X residential buildings sector,0.0,0.0,0.042,0.083,0.125,0.167,0.208,0.25,0.292,0.333,0.375,0.417,0.45849999999999996,0.5,0.5415,0.583,0.6248,0.6666,0.7084,0.7502,0.792,0.8336,0.8752,0.9168000000000001,0.9584,1.0,1.0,1.0,1.0,1.0,1.0,1.0,1.0,1.0,1.0,1.0,1.0,1.0,1.0,1.0,1.0,1.0,1.0,1.0,1.0,1.0,1.0,1.0,1.0,1.0,1.0,1.0,1.0,1.0,1.0,1.0,1.0,1.0,1.0,1.0,1.0,1.0,1.0,1.0,1.0,1.0,1.0,1.0,1.0,1.0,1.0,1.0,1.0,1.0,1.0,1.0
cross fuel tax X LPG propane or butane X commercial buildings sector,0.0,0.0,0.042,0.083,0.125,0.167,0.208,0.25,0.292,0.333,0.375,0.417,0.45849999999999996,0.5,0.5415,0.583,0.6248,0.6666,0.7084,0.7502,0.792,0.8336,0.8752,0.9168000000000001,0.9584,1.0,1.0,1.0,1.0,1.0,1.0,1.0,1.0,1.0,1.0,1.0,1.0,1.0,1.0,1.0,1.0,1.0,1.0,1.0,1.0,1.0,1.0,1.0,1.0,1.0,1.0,1.0,1.0,1.0,1.0,1.0,1.0,1.0,1.0,1.0,1.0,1.0,1.0,1.0,1.0,1.0,1.0,1.0,1.0,1.0,1.0,1.0,1.0,1.0,1.0,1.0
cross fuel tax X LPG propane or butane X industry sector,0.0,0.0,0.042,0.083,0.125,0.167,0.208,0.25,0.292,0.333,0.375,0.417,0.45849999999999996,0.5,0.5415,0.583,0.6248,0.6666,0.7084,0.7502,0.792,0.8336,0.8752,0.9168000000000001,0.9584,1.0,1.0,1.0,1.0,1.0,1.0,1.0,1.0,1.0,1.0,1.0,1.0,1.0,1.0,1.0,1.0,1.0,1.0,1.0,1.0,1.0,1.0,1.0,1.0,1.0,1.0,1.0,1.0,1.0,1.0,1.0,1.0,1.0,1.0,1.0,1.0,1.0,1.0,1.0,1.0,1.0,1.0,1.0,1.0,1.0,1.0,1.0,1.0,1.0,1.0,1.0
cross fuel tax X LPG propane or butane X district heat and hydrogen sector,0.0,0.0,0.042,0.083,0.125,0.167,0.208,0.25,0.292,0.333,0.375,0.417,0.45849999999999996,0.5,0.5415,0.583,0.6248,0.6666,0.7084,0.7502,0.792,0.8336,0.8752,0.9168000000000001,0.9584,1.0,1.0,1.0,1.0,1.0,1.0,1.0,1.0,1.0,1.0,1.0,1.0,1.0,1.0,1.0,1.0,1.0,1.0,1.0,1.0,1.0,1.0,1.0,1.0,1.0,1.0,1.0,1.0,1.0,1.0,1.0,1.0,1.0,1.0,1.0,1.0,1.0,1.0,1.0,1.0,1.0,1.0,1.0,1.0,1.0,1.0,1.0,1.0,1.0,1.0,1.0
cross fuel tax X LPG propane or butane X LULUCF sector,0.0,0.0,0.042,0.083,0.125,0.167,0.208,0.25,0.292,0.333,0.375,0.417,0.45849999999999996,0.5,0.5415,0.583,0.6248,0.6666,0.7084,0.7502,0.792,0.8336,0.8752,0.9168000000000001,0.9584,1.0,1.0,1.0,1.0,1.0,1.0,1.0,1.0,1.0,1.0,1.0,1.0,1.0,1.0,1.0,1.0,1.0,1.0,1.0,1.0,1.0,1.0,1.0,1.0,1.0,1.0,1.0,1.0,1.0,1.0,1.0,1.0,1.0,1.0,1.0,1.0,1.0,1.0,1.0,1.0,1.0,1.0,1.0,1.0,1.0,1.0,1.0,1.0,1.0,1.0,1.0
cross fuel tax X LPG propane or butane X geoengineering sector,0.0,0.0,0.042,0.083,0.125,0.167,0.208,0.25,0.292,0.333,0.375,0.417,0.45849999999999996,0.5,0.5415,0.583,0.6248,0.6666,0.7084,0.7502,0.792,0.8336,0.8752,0.9168000000000001,0.9584,1.0,1.0,1.0,1.0,1.0,1.0,1.0,1.0,1.0,1.0,1.0,1.0,1.0,1.0,1.0,1.0,1.0,1.0,1.0,1.0,1.0,1.0,1.0,1.0,1.0,1.0,1.0,1.0,1.0,1.0,1.0,1.0,1.0,1.0,1.0,1.0,1.0,1.0,1.0,1.0,1.0,1.0,1.0,1.0,1.0,1.0,1.0,1.0,1.0,1.0,1.0
cross fuel tax X municipal solid waste X transportation sector,0.0,0.0,0.042,0.083,0.125,0.167,0.208,0.25,0.292,0.333,0.375,0.417,0.45849999999999996,0.5,0.5415,0.583,0.6248,0.6666,0.7084,0.7502,0.792,0.8336,0.8752,0.9168000000000001,0.9584,1.0,1.0,1.0,1.0,1.0,1.0,1.0,1.0,1.0,1.0,1.0,1.0,1.0,1.0,1.0,1.0,1.0,1.0,1.0,1.0,1.0,1.0,1.0,1.0,1.0,1.0,1.0,1.0,1.0,1.0,1.0,1.0,1.0,1.0,1.0,1.0,1.0,1.0,1.0,1.0,1.0,1.0,1.0,1.0,1.0,1.0,1.0,1.0,1.0,1.0,1.0
cross fuel tax X municipal solid waste X electricity sector,0.0,0.0,0.042,0.083,0.125,0.167,0.208,0.25,0.292,0.333,0.375,0.417,0.45849999999999996,0.5,0.5415,0.583,0.6248,0.6666,0.7084,0.7502,0.792,0.8336,0.8752,0.9168000000000001,0.9584,1.0,1.0,1.0,1.0,1.0,1.0,1.0,1.0,1.0,1.0,1.0,1.0,1.0,1.0,1.0,1.0,1.0,1.0,1.0,1.0,1.0,1.0,1.0,1.0,1.0,1.0,1.0,1.0,1.0,1.0,1.0,1.0,1.0,1.0,1.0,1.0,1.0,1.0,1.0,1.0,1.0,1.0,1.0,1.0,1.0,1.0,1.0,1.0,1.0,1.0,1.0
cross fuel tax X municipal solid waste X residential buildings sector,0.0,0.0,0.042,0.083,0.125,0.167,0.208,0.25,0.292,0.333,0.375,0.417,0.45849999999999996,0.5,0.5415,0.583,0.6248,0.6666,0.7084,0.7502,0.792,0.8336,0.8752,0.9168000000000001,0.9584,1.0,1.0,1.0,1.0,1.0,1.0,1.0,1.0,1.0,1.0,1.0,1.0,1.0,1.0,1.0,1.0,1.0,1.0,1.0,1.0,1.0,1.0,1.0,1.0,1.0,1.0,1.0,1.0,1.0,1.0,1.0,1.0,1.0,1.0,1.0,1.0,1.0,1.0,1.0,1.0,1.0,1.0,1.0,1.0,1.0,1.0,1.0,1.0,1.0,1.0,1.0
cross fuel tax X municipal solid waste X commercial buildings sector,0.0,0.0,0.042,0.083,0.125,0.167,0.208,0.25,0.292,0.333,0.375,0.417,0.45849999999999996,0.5,0.5415,0.583,0.6248,0.6666,0.7084,0.7502,0.792,0.8336,0.8752,0.9168000000000001,0.9584,1.0,1.0,1.0,1.0,1.0,1.0,1.0,1.0,1.0,1.0,1.0,1.0,1.0,1.0,1.0,1.0,1.0,1.0,1.0,1.0,1.0,1.0,1.0,1.0,1.0,1.0,1.0,1.0,1.0,1.0,1.0,1.0,1.0,1.0,1.0,1.0,1.0,1.0,1.0,1.0,1.0,1.0,1.0,1.0,1.0,1.0,1.0,1.0,1.0,1.0,1.0
cross fuel tax X municipal solid waste X industry sector,0.0,0.0,0.042,0.083,0.125,0.167,0.208,0.25,0.292,0.333,0.375,0.417,0.45849999999999996,0.5,0.5415,0.583,0.6248,0.6666,0.7084,0.7502,0.792,0.8336,0.8752,0.9168000000000001,0.9584,1.0,1.0,1.0,1.0,1.0,1.0,1.0,1.0,1.0,1.0,1.0,1.0,1.0,1.0,1.0,1.0,1.0,1.0,1.0,1.0,1.0,1.0,1.0,1.0,1.0,1.0,1.0,1.0,1.0,1.0,1.0,1.0,1.0,1.0,1.0,1.0,1.0,1.0,1.0,1.0,1.0,1.0,1.0,1.0,1.0,1.0,1.0,1.0,1.0,1.0,1.0
cross fuel tax X municipal solid waste X district heat and hydrogen sector,0.0,0.0,0.042,0.083,0.125,0.167,0.208,0.25,0.292,0.333,0.375,0.417,0.45849999999999996,0.5,0.5415,0.583,0.6248,0.6666,0.7084,0.7502,0.792,0.8336,0.8752,0.9168000000000001,0.9584,1.0,1.0,1.0,1.0,1.0,1.0,1.0,1.0,1.0,1.0,1.0,1.0,1.0,1.0,1.0,1.0,1.0,1.0,1.0,1.0,1.0,1.0,1.0,1.0,1.0,1.0,1.0,1.0,1.0,1.0,1.0,1.0,1.0,1.0,1.0,1.0,1.0,1.0,1.0,1.0,1.0,1.0,1.0,1.0,1.0,1.0,1.0,1.0,1.0,1.0,1.0
cross fuel tax X municipal solid waste X LULUCF sector,0.0,0.0,0.042,0.083,0.125,0.167,0.208,0.25,0.292,0.333,0.375,0.417,0.45849999999999996,0.5,0.5415,0.583,0.6248,0.6666,0.7084,0.7502,0.792,0.8336,0.8752,0.9168000000000001,0.9584,1.0,1.0,1.0,1.0,1.0,1.0,1.0,1.0,1.0,1.0,1.0,1.0,1.0,1.0,1.0,1.0,1.0,1.0,1.0,1.0,1.0,1.0,1.0,1.0,1.0,1.0,1.0,1.0,1.0,1.0,1.0,1.0,1.0,1.0,1.0,1.0,1.0,1.0,1.0,1.0,1.0,1.0,1.0,1.0,1.0,1.0,1.0,1.0,1.0,1.0,1.0
cross fuel tax X municipal solid waste X geoengineering sector,0.0,0.0,0.042,0.083,0.125,0.167,0.208,0.25,0.292,0.333,0.375,0.417,0.45849999999999996,0.5,0.5415,0.583,0.6248,0.6666,0.7084,0.7502,0.792,0.8336,0.8752,0.9168000000000001,0.9584,1.0,1.0,1.0,1.0,1.0,1.0,1.0,1.0,1.0,1.0,1.0,1.0,1.0,1.0,1.0,1.0,1.0,1.0,1.0,1.0,1.0,1.0,1.0,1.0,1.0,1.0,1.0,1.0,1.0,1.0,1.0,1.0,1.0,1.0,1.0,1.0,1.0,1.0,1.0,1.0,1.0,1.0,1.0,1.0,1.0,1.0,1.0,1.0,1.0,1.0,1.0
cross fuel tax X hydrogen X transportation sector,0.0,0.0,0.042,0.083,0.125,0.167,0.208,0.25,0.292,0.333,0.375,0.417,0.45849999999999996,0.5,0.5415,0.583,0.6248,0.6666,0.7084,0.7502,0.792,0.8336,0.8752,0.9168000000000001,0.9584,1.0,1.0,1.0,1.0,1.0,1.0,1.0,1.0,1.0,1.0,1.0,1.0,1.0,1.0,1.0,1.0,1.0,1.0,1.0,1.0,1.0,1.0,1.0,1.0,1.0,1.0,1.0,1.0,1.0,1.0,1.0,1.0,1.0,1.0,1.0,1.0,1.0,1.0,1.0,1.0,1.0,1.0,1.0,1.0,1.0,1.0,1.0,1.0,1.0,1.0,1.0
cross fuel tax X hydrogen X electricity sector,0.0,0.0,0.042,0.083,0.125,0.167,0.208,0.25,0.292,0.333,0.375,0.417,0.45849999999999996,0.5,0.5415,0.583,0.6248,0.6666,0.7084,0.7502,0.792,0.8336,0.8752,0.9168000000000001,0.9584,1.0,1.0,1.0,1.0,1.0,1.0,1.0,1.0,1.0,1.0,1.0,1.0,1.0,1.0,1.0,1.0,1.0,1.0,1.0,1.0,1.0,1.0,1.0,1.0,1.0,1.0,1.0,1.0,1.0,1.0,1.0,1.0,1.0,1.0,1.0,1.0,1.0,1.0,1.0,1.0,1.0,1.0,1.0,1.0,1.0,1.0,1.0,1.0,1.0,1.0,1.0
cross fuel tax X hydrogen X residential buildings sector,0.0,0.0,0.042,0.083,0.125,0.167,0.208,0.25,0.292,0.333,0.375,0.417,0.45849999999999996,0.5,0.5415,0.583,0.6248,0.6666,0.7084,0.7502,0.792,0.8336,0.8752,0.9168000000000001,0.9584,1.0,1.0,1.0,1.0,1.0,1.0,1.0,1.0,1.0,1.0,1.0,1.0,1.0,1.0,1.0,1.0,1.0,1.0,1.0,1.0,1.0,1.0,1.0,1.0,1.0,1.0,1.0,1.0,1.0,1.0,1.0,1.0,1.0,1.0,1.0,1.0,1.0,1.0,1.0,1.0,1.0,1.0,1.0,1.0,1.0,1.0,1.0,1.0,1.0,1.0,1.0
cross fuel tax X hydrogen X commercial buildings sector,0.0,0.0,0.042,0.083,0.125,0.167,0.208,0.25,0.292,0.333,0.375,0.417,0.45849999999999996,0.5,0.5415,0.583,0.6248,0.6666,0.7084,0.7502,0.792,0.8336,0.8752,0.9168000000000001,0.9584,1.0,1.0,1.0,1.0,1.0,1.0,1.0,1.0,1.0,1.0,1.0,1.0,1.0,1.0,1.0,1.0,1.0,1.0,1.0,1.0,1.0,1.0,1.0,1.0,1.0,1.0,1.0,1.0,1.0,1.0,1.0,1.0,1.0,1.0,1.0,1.0,1.0,1.0,1.0,1.0,1.0,1.0,1.0,1.0,1.0,1.0,1.0,1.0,1.0,1.0,1.0
cross fuel tax X hydrogen X industry sector,0.0,0.0,0.042,0.083,0.125,0.167,0.208,0.25,0.292,0.333,0.375,0.417,0.45849999999999996,0.5,0.5415,0.583,0.6248,0.6666,0.7084,0.7502,0.792,0.8336,0.8752,0.9168000000000001,0.9584,1.0,1.0,1.0,1.0,1.0,1.0,1.0,1.0,1.0,1.0,1.0,1.0,1.0,1.0,1.0,1.0,1.0,1.0,1.0,1.0,1.0,1.0,1.0,1.0,1.0,1.0,1.0,1.0,1.0,1.0,1.0,1.0,1.0,1.0,1.0,1.0,1.0,1.0,1.0,1.0,1.0,1.0,1.0,1.0,1.0,1.0,1.0,1.0,1.0,1.0,1.0
cross fuel tax X hydrogen X district heat and hydrogen sector,0.0,0.0,0.042,0.083,0.125,0.167,0.208,0.25,0.292,0.333,0.375,0.417,0.45849999999999996,0.5,0.5415,0.583,0.6248,0.6666,0.7084,0.7502,0.792,0.8336,0.8752,0.9168000000000001,0.9584,1.0,1.0,1.0,1.0,1.0,1.0,1.0,1.0,1.0,1.0,1.0,1.0,1.0,1.0,1.0,1.0,1.0,1.0,1.0,1.0,1.0,1.0,1.0,1.0,1.0,1.0,1.0,1.0,1.0,1.0,1.0,1.0,1.0,1.0,1.0,1.0,1.0,1.0,1.0,1.0,1.0,1.0,1.0,1.0,1.0,1.0,1.0,1.0,1.0,1.0,1.0
cross fuel tax X hydrogen X LULUCF sector,0.0,0.0,0.042,0.083,0.125,0.167,0.208,0.25,0.292,0.333,0.375,0.417,0.45849999999999996,0.5,0.5415,0.583,0.6248,0.6666,0.7084,0.7502,0.792,0.8336,0.8752,0.9168000000000001,0.9584,1.0,1.0,1.0,1.0,1.0,1.0,1.0,1.0,1.0,1.0,1.0,1.0,1.0,1.0,1.0,1.0,1.0,1.0,1.0,1.0,1.0,1.0,1.0,1.0,1.0,1.0,1.0,1.0,1.0,1.0,1.0,1.0,1.0,1.0,1.0,1.0,1.0,1.0,1.0,1.0,1.0,1.0,1.0,1.0,1.0,1.0,1.0,1.0,1.0,1.0,1.0
cross fuel tax X hydrogen X geoengineering sector,0.0,0.0,0.042,0.083,0.125,0.167,0.208,0.25,0.292,0.333,0.375,0.417,0.45849999999999996,0.5,0.5415,0.583,0.6248,0.6666,0.7084,0.7502,0.792,0.8336,0.8752,0.9168000000000001,0.9584,1.0,1.0,1.0,1.0,1.0,1.0,1.0,1.0,1.0,1.0,1.0,1.0,1.0,1.0,1.0,1.0,1.0,1.0,1.0,1.0,1.0,1.0,1.0,1.0,1.0,1.0,1.0,1.0,1.0,1.0,1.0,1.0,1.0,1.0,1.0,1.0,1.0,1.0,1.0,1.0,1.0,1.0,1.0,1.0,1.0,1.0,1.0,1.0,1.0,1.0,1.0
cross carbon tax X transportation sector,0.0,0.0,0.042,0.083,0.125,0.167,0.208,0.25,0.292,0.333,0.375,0.417,0.45849999999999996,0.5,0.5415,0.583,0.6248,0.6666,0.7084,0.7502,0.792,0.8336,0.8752,0.9168000000000001,0.9584,1.0,1.0,1.0,1.0,1.0,1.0,1.0,1.0,1.0,1.0,1.0,1.0,1.0,1.0,1.0,1.0,1.0,1.0,1.0,1.0,1.0,1.0,1.0,1.0,1.0,1.0,1.0,1.0,1.0,1.0,1.0,1.0,1.0,1.0,1.0,1.0,1.0,1.0,1.0,1.0,1.0,1.0,1.0,1.0,1.0,1.0,1.0,1.0,1.0,1.0,1.0
cross carbon tax X electricity sector,0.0,0.0,0.042,0.083,0.125,0.167,0.208,0.25,0.292,0.333,0.375,0.417,0.45849999999999996,0.5,0.5415,0.583,0.6248,0.6666,0.7084,0.7502,0.792,0.8336,0.8752,0.9168000000000001,0.9584,1.0,1.0,1.0,1.0,1.0,1.0,1.0,1.0,1.0,1.0,1.0,1.0,1.0,1.0,1.0,1.0,1.0,1.0,1.0,1.0,1.0,1.0,1.0,1.0,1.0,1.0,1.0,1.0,1.0,1.0,1.0,1.0,1.0,1.0,1.0,1.0,1.0,1.0,1.0,1.0,1.0,1.0,1.0,1.0,1.0,1.0,1.0,1.0,1.0,1.0,1.0
cross carbon tax X residential buildings sector,0.0,0.0,0.042,0.083,0.125,0.167,0.208,0.25,0.292,0.333,0.375,0.417,0.45849999999999996,0.5,0.5415,0.583,0.6248,0.6666,0.7084,0.7502,0.792,0.8336,0.8752,0.9168000000000001,0.9584,1.0,1.0,1.0,1.0,1.0,1.0,1.0,1.0,1.0,1.0,1.0,1.0,1.0,1.0,1.0,1.0,1.0,1.0,1.0,1.0,1.0,1.0,1.0,1.0,1.0,1.0,1.0,1.0,1.0,1.0,1.0,1.0,1.0,1.0,1.0,1.0,1.0,1.0,1.0,1.0,1.0,1.0,1.0,1.0,1.0,1.0,1.0,1.0,1.0,1.0,1.0
cross carbon tax X commercial buildings sector,0.0,0.0,0.042,0.083,0.125,0.167,0.208,0.25,0.292,0.333,0.375,0.417,0.45849999999999996,0.5,0.5415,0.583,0.6248,0.6666,0.7084,0.7502,0.792,0.8336,0.8752,0.9168000000000001,0.9584,1.0,1.0,1.0,1.0,1.0,1.0,1.0,1.0,1.0,1.0,1.0,1.0,1.0,1.0,1.0,1.0,1.0,1.0,1.0,1.0,1.0,1.0,1.0,1.0,1.0,1.0,1.0,1.0,1.0,1.0,1.0,1.0,1.0,1.0,1.0,1.0,1.0,1.0,1.0,1.0,1.0,1.0,1.0,1.0,1.0,1.0,1.0,1.0,1.0,1.0,1.0
cross carbon tax X industry sector,0.0,0.0,0.042,0.083,0.125,0.167,0.208,0.25,0.292,0.333,0.375,0.417,0.45849999999999996,0.5,0.5415,0.583,0.6248,0.6666,0.7084,0.7502,0.792,0.8336,0.8752,0.9168000000000001,0.9584,1.0,1.0,1.0,1.0,1.0,1.0,1.0,1.0,1.0,1.0,1.0,1.0,1.0,1.0,1.0,1.0,1.0,1.0,1.0,1.0,1.0,1.0,1.0,1.0,1.0,1.0,1.0,1.0,1.0,1.0,1.0,1.0,1.0,1.0,1.0,1.0,1.0,1.0,1.0,1.0,1.0,1.0,1.0,1.0,1.0,1.0,1.0,1.0,1.0,1.0,1.0
cross carbon tax X district heat and hydrogen sector,0.0,0.0,0.042,0.083,0.125,0.167,0.208,0.25,0.292,0.333,0.375,0.417,0.45849999999999996,0.5,0.5415,0.583,0.6248,0.6666,0.7084,0.7502,0.792,0.8336,0.8752,0.9168000000000001,0.9584,1.0,1.0,1.0,1.0,1.0,1.0,1.0,1.0,1.0,1.0,1.0,1.0,1.0,1.0,1.0,1.0,1.0,1.0,1.0,1.0,1.0,1.0,1.0,1.0,1.0,1.0,1.0,1.0,1.0,1.0,1.0,1.0,1.0,1.0,1.0,1.0,1.0,1.0,1.0,1.0,1.0,1.0,1.0,1.0,1.0,1.0,1.0,1.0,1.0,1.0,1.0
cross carbon tax X LULUCF sector,0.0,0.0,0.042,0.083,0.125,0.167,0.208,0.25,0.292,0.333,0.375,0.417,0.45849999999999996,0.5,0.5415,0.583,0.6248,0.6666,0.7084,0.7502,0.792,0.8336,0.8752,0.9168000000000001,0.9584,1.0,1.0,1.0,1.0,1.0,1.0,1.0,1.0,1.0,1.0,1.0,1.0,1.0,1.0,1.0,1.0,1.0,1.0,1.0,1.0,1.0,1.0,1.0,1.0,1.0,1.0,1.0,1.0,1.0,1.0,1.0,1.0,1.0,1.0,1.0,1.0,1.0,1.0,1.0,1.0,1.0,1.0,1.0,1.0,1.0,1.0,1.0,1.0,1.0,1.0,1.0
cross carbon tax X geoengineering sector,0.0,0.0,0.042,0.083,0.125,0.167,0.208,0.25,0.292,0.333,0.375,0.417,0.45849999999999996,0.5,0.5415,0.583,0.6248,0.6666,0.7084,0.7502,0.792,0.8336,0.8752,0.9168000000000001,0.9584,1.0,1.0,1.0,1.0,1.0,1.0,1.0,1.0,1.0,1.0,1.0,1.0,1.0,1.0,1.0,1.0,1.0,1.0,1.0,1.0,1.0,1.0,1.0,1.0,1.0,1.0,1.0,1.0,1.0,1.0,1.0,1.0,1.0,1.0,1.0,1.0,1.0,1.0,1.0,1.0,1.0,1.0,1.0,1.0,1.0,1.0,1.0,1.0,1.0,1.0,1.0
